Software Version;2.06.10;;;;;;;;;;;;;;;;;;;;;;;;;;;;;;;;;;
;;;;;;;;;;;;;;;;;;;;;;;;;;;;;;;;;;;
Experiment File Path:;C:\Users\Public\Documents\Experiments\qbio project lab1 20220204.xpt;;;;;;;;;;;;;;;;;;;;;;;;;;;;;;;;;;
Protocol File Path:;C:\Users\Synthetic Bio Team\Documents\Experiments\cell-free-cytation-37.prt;;;;;;;;;;;;;;;;;;;;;;;;;;;;;;;;;;
Plate Number;Plate 1;;;;;;;;;;;;;;;;;;;;;;;;;;;;;;;;;;
Date;02/04/2022;;;;;;;;;;;;;;;;;;;;;;;;;;;;;;;;;;
Time;16:53:08;;;;;;;;;;;;;;;;;;;;;;;;;;;;;;;;;;
Reader Type:;Cytation3;;;;;;;;;;;;;;;;;;;;;;;;;;;;;;;;;;
Reader Serial Number:;14102110;;;;;;;;;;;;;;;;;;;;;;;;;;;;;;;;;;
Reading Type;Reader;;;;;;;;;;;;;;;;;;;;;;;;;;;;;;;;;;
;;;;;;;;;;;;;;;;;;;;;;;;;;;;;;;;;;;
Procedure Details;;;;;;;;;;;;;;;;;;;;;;;;;;;;;;;;;;;
Plate Type;Corning 384 well black clear bottom;;;;;;;;;;;;;;;;;;;;;;;;;;;;;;;;;;
Well Selection;Runtime;;;;;;;;;;;;;;;;;;;;;;;;;;;;;;;;;;
Set Temperature;Setpoint 37째C;;;;;;;;;;;;;;;;;;;;;;;;;;;;;;;;;;
;Preheat before moving to next step;;;;;;;;;;;;;;;;;;;;;;;;;;;;;;;;;;
Start Kinetic;Runtime 8:00:00 (HH:MM:SS), Interval 0:05:00, 97 Reads;;;;;;;;;;;;;;;;;;;;;;;;;;;;;;;;;;
    Read;Fluorescence Endpoint;;;;;;;;;;;;;;;;;;;;;;;;;;;;;;;;;;
;Full Plate;;;;;;;;;;;;;;;;;;;;;;;;;;;;;;;;;;
;Filter Set 1;;;;;;;;;;;;;;;;;;;;;;;;;;;;;;;;;;
;    Excitation: 485,  Emission: 528;;;;;;;;;;;;;;;;;;;;;;;;;;;;;;;;;;
;    Optics: Bottom,  Gain: 100;;;;;;;;;;;;;;;;;;;;;;;;;;;;;;;;;;
;Filter Set 2;;;;;;;;;;;;;;;;;;;;;;;;;;;;;;;;;;
;    Excitation: 485,  Emission: 528;;;;;;;;;;;;;;;;;;;;;;;;;;;;;;;;;;
;    Optics: Bottom,  Gain: 75;;;;;;;;;;;;;;;;;;;;;;;;;;;;;;;;;;
;Light Source: Xenon Flash,  Lamp Energy: High;;;;;;;;;;;;;;;;;;;;;;;;;;;;;;;;;;
;Read Speed: Normal,  Delay: 100 msec,  Measurements/Data Point: 10;;;;;;;;;;;;;;;;;;;;;;;;;;;;;;;;;;
;Read Height: 7 mm;;;;;;;;;;;;;;;;;;;;;;;;;;;;;;;;;;
    Read;Fluorescence Endpoint;;;;;;;;;;;;;;;;;;;;;;;;;;;;;;;;;;
;Full Plate;;;;;;;;;;;;;;;;;;;;;;;;;;;;;;;;;;
;Filter Set 1;;;;;;;;;;;;;;;;;;;;;;;;;;;;;;;;;;
;    Excitation: 485,  Emission: 528;;;;;;;;;;;;;;;;;;;;;;;;;;;;;;;;;;
;    Optics: Bottom,  Gain: 70;;;;;;;;;;;;;;;;;;;;;;;;;;;;;;;;;;
;Filter Set 2;;;;;;;;;;;;;;;;;;;;;;;;;;;;;;;;;;
;    Excitation: 485,  Emission: 528;;;;;;;;;;;;;;;;;;;;;;;;;;;;;;;;;;
;    Optics: Bottom,  Gain: 50;;;;;;;;;;;;;;;;;;;;;;;;;;;;;;;;;;
;Light Source: Xenon Flash,  Lamp Energy: High;;;;;;;;;;;;;;;;;;;;;;;;;;;;;;;;;;
;Read Speed: Normal,  Delay: 100 msec,  Measurements/Data Point: 10;;;;;;;;;;;;;;;;;;;;;;;;;;;;;;;;;;
;Read Height: 9,5 mm;;;;;;;;;;;;;;;;;;;;;;;;;;;;;;;;;;
End Kinetic;;;;;;;;;;;;;;;;;;;;;;;;;;;;;;;;;;;
Set Temperature;Incubator off;;;;;;;;;;;;;;;;;;;;;;;;;;;;;;;;;;
;;;;;;;;;;;;;;;;;;;;;;;;;;;;;;;;;;;
Layout;;;;;;;;;;;;;;;;;;;;;;;;;;;;;;;;;;;
;;;;;;;;;;;;;;;;;;;;;;;;;;;;;;;;;;;
;;1;2;3;4;5;6;7;8;9;10;11;12;13;14;15;16;17;18;19;20;21;22;23;24;;;;;;;;;;
;A;;;;;;;;;;;;;;;;;;;;;;;;;Well ID;;;;;;;;;
;B;;;;;;;;;;;;;;;;;;;;;;;;;Well ID;;;;;;;;;
;C;;;;;;;;;;;;;;;;;;;;;;;;;Well ID;;;;;;;;;
;D;;;;;;;;;;;;;;;;;;;;;;;;;Well ID;;;;;;;;;
;E;;;;;;;;;;;;;;;;;;;;;;;;;Well ID;;;;;;;;;
;F;;;;;;;;;;;;;;;;;;;;;;;;;Well ID;;;;;;;;;
;G;;;;;;;;;;;;;;;;;;;;;;;;;Well ID;;;;;;;;;
;H;;;;;;;;;;;;;;;;;;;;;;;;;Well ID;;;;;;;;;
;I;;SPL1;SPL4;SPL7;SPL10;SPL13;SPL16;SPL19;SPL22;SPL25;SPL28;SPL31;;;;;;;;;;;;;Well ID;;;;;;;;;
;J;;SPL2;SPL5;SPL8;SPL11;SPL14;SPL17;SPL20;SPL23;SPL26;SPL29;SPL32;;;;;;;;;;;;;Well ID;;;;;;;;;
;K;;SPL3;SPL6;SPL9;SPL12;SPL15;SPL18;SPL21;SPL24;SPL27;SPL30;SPL33;;;;;;;;;;;;;Well ID;;;;;;;;;
;L;;;;;;;;;;;;;;;;;;;;;;;;;Well ID;;;;;;;;;
;M;;;;;;;;;;;;;;;;;;;;;;;;;Well ID;;;;;;;;;
;N;;;;;;;;;;;;;;;;;;;;;;;;;Well ID;;;;;;;;;
;O;;;;;;;;;;;;;;;;;;;;;;;;;Well ID;;;;;;;;;
;P;;;;;;;;;;;;;;;;;;;;;;;;;Well ID;;;;;;;;;
;;;;;;;;;;;;;;;;;;;;;;;;;;;;;;;;;;;
Read 1:485;528;;;;;;;;;;;;;;;;;;;;;;;;;;;;;;;;;;
;;;;;;;;;;;;;;;;;;;;;;;;;;;;;;;;;;;
;Time;T째 Read 1:485,528;I2;I3;I4;I5;I6;I7;I8;I9;I10;I11;I12;J2;J3;J4;J5;J6;J7;J8;J9;J10;J11;J12;K2;K3;K4;K5;K6;K7;K8;K9;K10;K11;K12
;00:00:00;37;3827;4001;4160;4120;4444;3991;4473;4304;5461;4686;4909;3907;4039;4234;4248;4333;4778;4744;5469;5405;4376;4894;4286;3925;4248;4167;4265;4486;4292;4455;3762;4343;4895
;00:05:00;37;2898;3223;3163;3201;3305;2975;3179;3272;3955;3319;3833;3004;3226;3187;3252;3194;3408;3408;4106;4067;3051;3768;3343;3117;3267;3001;3111;3084;3101;2997;2717;2821;3612
;00:10:00;37;2582;2571;2632;2650;2728;2325;2651;2638;3356;2616;2996;2626;2425;2661;2703;2509;2650;2627;3315;3240;2220;2978;2577;2511;2446;2365;2444;2442;2327;2360;2334;2244;2811
;00:15:00;37;2154;2343;2335;2369;2246;1892;2106;2088;2619;2015;2301;2169;2197;1978;2112;1951;2082;1962;2584;2514;1733;2261;2030;2232;1849;1925;1891;1736;1628;1824;1791;1630;2083
;00:20:00;37;1837;3315;1778;2291;2219;1445;1603;1604;2029;1820;1656;1709;3522;1353;2197;1888;1499;1480;1857;1742;1666;1448;1508;4434;1220;2544;2065;1225;1155;1282;1307;2086;1265
;00:25:00;37;1583;6275;1224;2901;2489;1069;1193;1049;1260;2358;1000;1237;8068;1096;3241;2641;1108;1006;1145;1122;2575;984;1247;10062;1184;5463;3678;1043;872;930;948;3828;889
;00:30:00;36.9;1255;11657;1054;4063;3355;914;920;906;946;3923;892;1256;15127;1042;5402;4312;1053;943;822;910;4119;867;1588;19694;1179;9492;6847;1092;868;864;856;7020;880
;00:35:00;37;1385;17686;1149;5656;4756;965;914;870;892;5815;819;1537;23984;1279;7985;6389;1171;922;894;891;6012;854;1805;32603;1385;13770;11767;1195;936;894;893;11398;870
;00:40:00;37;1593;23774;1218;7665;6292;1062;961;896;904;7713;831;1853;33882;1514;10399;8754;1385;1061;905;904;7940;838;2342;46232;1620;18948;17464;1415;994;957;919;16241;827
;00:45:00;36.9;1795;30032;1369;9409;7727;1117;962;898;947;9581;800;2349;43624;1712;13193;11214;1635;1085;887;880;10350;830;2923;60820;1837;22874;22689;1622;1069;977;1082;21217;853
;00:50:00;37;2094;37966;1422;11176;9769;1242;1061;1010;873;11912;800;2891;58420;1889;15596;14370;1811;1221;853;912;13070;811;3475;75335;2128;27099;28904;1809;1086;959;1110;26388;857
;00:55:00;36.9;2405;47107;1676;12805;11684;1425;1143;999;906;14181;783;3397;73531;2177;18306;16948;2159;1306;835;916;16809;822;4114;89783;2474;30954;34266;1904;1249;1054;1184;31588;883
;01:00:00;37;2892;60122;1992;14856;13331;1672;1228;1036;893;17674;807;3927;88420;2346;20781;19387;2367;1443;913;938;21550;916;4708;OVRFLW;2675;34047;39362;2057;1308;1003;1336;35899;889
;01:05:00;37;3410;73879;2305;16822;15845;1871;1291;1145;942;21920;765;4603;OVRFLW;2728;24180;22917;2622;1562;881;971;26219;776;5135;OVRFLW;3030;37179;43363;2323;1387;1069;1435;41013;933
;01:10:00;37;3958;88957;2529;18971;18578;1895;1454;1252;1004;26632;844;5123;OVRFLW;3129;27947;25387;2730;1683;829;1008;30750;841;5678;OVRFLW;3358;39869;46912;2473;1389;1111;1437;46305;903
;01:15:00;37;4474;OVRFLW;2849;21275;20742;2080;1533;1338;999;32036;809;5566;OVRFLW;3276;31077;28168;2939;1725;904;979;34480;840;6019;OVRFLW;3699;43172;51159;2679;1485;1184;1594;50990;950
;01:20:00;37;5194;OVRFLW;3137;23237;23427;2307;1657;1373;987;37110;827;6290;OVRFLW;3625;33745;31033;3151;1906;873;993;37954;831;6263;OVRFLW;3891;45907;54702;2830;1611;1213;1645;55404;914
;01:25:00;37;5763;OVRFLW;3368;24828;25597;2292;1672;1481;1080;41540;870;6650;OVRFLW;3879;36060;33192;3190;1966;968;1072;42392;803;6529;OVRFLW;4247;48534;60018;3078;1748;1193;1751;59276;907
;01:30:00;37;6003;OVRFLW;3610;27781;27487;2511;1923;1494;1155;45901;845;7305;OVRFLW;4094;39556;35797;3389;1956;888;1048;46770;885;6724;OVRFLW;4606;52127;64534;3185;1785;1264;1844;63468;971
;01:35:00;37;6406;OVRFLW;3891;30293;29227;2720;1855;1593;1077;51987;835;7951;OVRFLW;4380;42631;37238;3433;2115;953;1030;51248;795;6863;OVRFLW;4661;54241;69368;3439;1832;1282;2013;67553;1024
;01:40:00;36.9;6990;OVRFLW;4104;32773;31384;2603;2055;1621;1061;59317;868;8362;OVRFLW;4726;45776;38541;3600;2129;918;1134;54850;896;7185;OVRFLW;5079;56575;74099;3677;1927;1380;2108;71325;1057
;01:45:00;37;7353;OVRFLW;4257;34480;33122;2751;2040;1680;1162;66001;790;8667;OVRFLW;4904;47703;40021;3764;2285;969;1128;58214;907;7438;OVRFLW;5279;59373;77124;3523;1851;1441;2299;74151;1084
;01:50:00;37;7728;OVRFLW;4401;36349;34721;2920;2060;1788;1193;68958;853;8995;OVRFLW;5242;50456;43003;3961;2190;968;1151;62199;913;7826;OVRFLW;5556;61751;80907;3868;1974;1347;2277;77449;1091
;01:55:00;37;8049;OVRFLW;4708;37445;36216;3001;2230;1750;1192;70540;836;9309;OVRFLW;5516;53034;46366;4088;2360;954;1165;64427;916;8114;OVRFLW;5987;63323;83747;3852;2013;1497;2468;80496;1179
;02:00:00;37;8545;OVRFLW;4973;39251;37580;2998;2202;1884;1165;74775;882;9786;OVRFLW;5680;54015;50194;4121;2444;949;1154;67656;945;8351;OVRFLW;6111;67026;87239;4075;2103;1515;2502;82977;1230
;02:05:00;37;8983;OVRFLW;5219;41005;39189;3068;2337;1925;1223;77380;872;10140;OVRFLW;6088;54538;52700;4283;2529;943;1114;69705;900;8647;OVRFLW;6332;67919;91246;4013;2149;1553;2580;85245;1243
;02:10:00;36.9;9457;OVRFLW;5283;43631;41494;3116;2334;1980;1195;80340;893;10502;OVRFLW;6324;57374;55604;4370;2632;1001;1144;73244;866;8956;OVRFLW;6548;70982;91966;4078;2295;1655;2601;88712;1326
;02:15:00;37;9632;OVRFLW;5370;45587;42804;3264;2460;1973;1338;84063;913;10799;OVRFLW;6554;58726;56213;4453;2767;1004;1174;76157;888;9353;OVRFLW;6821;72383;95117;4347;2391;1687;2689;91356;1345
;02:20:00;37;9724;OVRFLW;5795;47431;43795;3326;2462;2032;1343;89517;889;11030;OVRFLW;6781;61234;56438;4625;2817;995;1293;79731;949;9544;OVRFLW;7225;75507;98067;4276;2383;1708;2774;92660;1374
;02:25:00;37;10115;OVRFLW;6051;49233;44629;3297;2537;2072;1386;93256;914;11269;OVRFLW;7014;63392;58454;4720;2764;1034;1266;81159;938;9632;OVRFLW;7630;76991;OVRFLW;4452;2437;1752;2773;94900;1369
;02:30:00;37;10525;OVRFLW;6175;51662;46740;3407;2606;2131;1343;92891;976;11449;OVRFLW;7328;64781;58582;4962;2917;1033;1280;82940;1011;9950;OVRFLW;8029;79608;OVRFLW;4586;2558;1733;3023;97262;1399
;02:35:00;37;10567;OVRFLW;6571;53079;48502;3591;2609;2255;1465;93477;965;11648;OVRFLW;7540;66274;61198;5073;2978;1019;1284;86748;961;10185;OVRFLW;8276;82194;OVRFLW;4629;2528;1809;2996;98542;1446
;02:40:00;37;10741;OVRFLW;6798;54239;49049;3598;2676;2223;1427;95801;961;12139;OVRFLW;7737;67542;63399;5007;3003;1117;1325;88112;962;10606;OVRFLW;8394;83540;OVRFLW;4711;2513;1743;3150;OVRFLW;1479
;02:45:00;37;11027;OVRFLW;7044;56089;50656;3693;2770;2292;1520;97917;984;12214;OVRFLW;8007;68443;66614;5282;3002;1146;1287;91964;993;10390;OVRFLW;8628;86404;OVRFLW;4974;2669;1871;3191;OVRFLW;1544
;02:50:00;37;11154;OVRFLW;7460;58088;51497;3761;2809;2296;1540;OVRFLW;1025;12294;OVRFLW;8416;71051;68628;5198;3132;1083;1326;91917;948;10816;OVRFLW;9162;87314;OVRFLW;4898;2600;1859;3258;OVRFLW;1545
;02:55:00;37;11410;OVRFLW;7659;59382;51479;3765;2855;2378;1548;OVRFLW;1032;12554;OVRFLW;8735;72715;69926;5335;3139;1204;1329;95246;982;11038;OVRFLW;9305;89271;OVRFLW;4707;2768;1925;3264;OVRFLW;1499
;03:00:00;37;11338;OVRFLW;7954;60717;52985;3815;2840;2435;1522;OVRFLW;1032;12912;OVRFLW;8955;76066;70716;5438;3132;1201;1316;97395;983;11089;OVRFLW;9775;91305;OVRFLW;5075;2747;1881;3363;OVRFLW;1590
;03:05:00;37;11439;OVRFLW;8000;63312;54337;3903;2919;2475;1590;OVRFLW;1028;12956;OVRFLW;9151;76882;72798;5558;3248;1233;1391;OVRFLW;1065;11154;OVRFLW;9909;94273;OVRFLW;5115;2715;1947;3379;OVRFLW;1634
;03:10:00;37;11726;OVRFLW;8181;64086;55987;3834;2976;2480;1584;OVRFLW;1037;13215;OVRFLW;9287;78659;72569;5651;3292;1194;1332;OVRFLW;1034;11155;OVRFLW;10378;95029;OVRFLW;5190;2871;2037;3486;OVRFLW;1594
;03:15:00;37;11918;OVRFLW;8478;65806;56577;3872;2980;2562;1659;OVRFLW;1121;13407;OVRFLW;9775;79824;72761;5692;3385;1175;1459;OVRFLW;1071;11605;OVRFLW;10616;97510;OVRFLW;5260;2875;1917;3526;OVRFLW;1726
;03:20:00;37;11974;OVRFLW;8756;67100;58395;3956;3037;2578;1697;OVRFLW;1087;13464;OVRFLW;10139;81128;74223;5735;3344;1242;1425;OVRFLW;1111;11702;OVRFLW;10978;97970;OVRFLW;5242;2940;2063;3671;OVRFLW;1688
;03:25:00;37;12062;OVRFLW;9084;69069;59691;4096;3098;2588;1769;OVRFLW;1115;13677;OVRFLW;10331;82905;78391;5935;3480;1272;1546;OVRFLW;1134;11745;OVRFLW;11379;OVRFLW;OVRFLW;5312;2958;1967;3657;OVRFLW;1755
;03:30:00;37;12221;OVRFLW;9259;69653;59865;4149;3068;2588;1712;OVRFLW;1098;13855;OVRFLW;10528;83681;79553;5765;3446;1286;1491;OVRFLW;1193;11867;OVRFLW;11444;OVRFLW;OVRFLW;5444;3106;2106;3688;OVRFLW;1732
;03:35:00;37;12080;OVRFLW;9452;70907;61856;4093;3176;2595;1872;OVRFLW;1030;13902;OVRFLW;10847;85323;81931;5995;3500;1298;1562;OVRFLW;1117;11937;OVRFLW;11957;OVRFLW;OVRFLW;5561;3032;2123;3728;OVRFLW;1755
;03:40:00;37;12192;OVRFLW;9732;72666;62755;4203;3225;2705;1882;OVRFLW;1163;13966;OVRFLW;11118;90484;84427;5918;3517;1376;1550;OVRFLW;1149;11900;OVRFLW;11944;OVRFLW;OVRFLW;5563;3126;2154;3783;OVRFLW;1870
;03:45:00;37;12719;OVRFLW;10119;74533;64531;4194;3190;2689;1866;OVRFLW;1111;14080;OVRFLW;11583;91840;85652;5995;3593;1373;1557;OVRFLW;1133;12105;OVRFLW;12342;OVRFLW;OVRFLW;5613;3093;2049;3865;OVRFLW;1845
;03:50:00;37;13051;OVRFLW;10161;75239;66287;4236;3255;2780;1851;OVRFLW;1208;14437;OVRFLW;11818;93135;87103;6128;3564;1360;1674;OVRFLW;1224;12115;OVRFLW;12950;OVRFLW;OVRFLW;5615;3060;2172;3894;OVRFLW;1865
;03:55:00;37;13397;OVRFLW;10517;75786;68851;4367;3107;2784;1920;OVRFLW;1235;14351;OVRFLW;11934;93630;87493;6085;3612;1398;1660;OVRFLW;1197;12078;OVRFLW;13026;OVRFLW;OVRFLW;5698;3230;2180;3981;OVRFLW;1863
;04:00:00;37;13417;OVRFLW;10909;77880;71435;4405;3256;2773;2068;OVRFLW;1184;14336;OVRFLW;12195;94207;88927;6193;3610;1364;1623;OVRFLW;1194;12268;OVRFLW;13356;OVRFLW;OVRFLW;5729;3204;2280;3953;OVRFLW;1888
;04:05:00;37;13647;OVRFLW;10885;79316;73005;4442;3306;2777;2108;OVRFLW;1254;14669;OVRFLW;12570;95525;89576;6319;3664;1363;1589;OVRFLW;1205;12247;OVRFLW;13506;OVRFLW;OVRFLW;5962;3107;2254;4093;OVRFLW;1946
;04:10:00;37;14079;OVRFLW;11319;81137;73696;4494;3354;2884;2121;OVRFLW;1334;14512;OVRFLW;12568;97260;91587;6332;3635;1433;1672;OVRFLW;1283;12313;OVRFLW;13858;OVRFLW;OVRFLW;5879;3187;2309;4154;OVRFLW;1972
;04:15:00;37;13726;OVRFLW;11273;81998;75235;4403;3296;2913;2168;OVRFLW;1290;14545;OVRFLW;13052;98444;90763;6330;3717;1411;1677;OVRFLW;1259;12682;OVRFLW;13982;OVRFLW;OVRFLW;6082;3186;2252;4198;OVRFLW;1879
;04:20:00;37;14106;OVRFLW;11808;84183;76434;4565;3309;2912;2183;OVRFLW;1295;15021;OVRFLW;13393;OVRFLW;92237;6440;3705;1463;1656;OVRFLW;1251;12560;OVRFLW;14165;OVRFLW;OVRFLW;5941;3265;2273;4327;OVRFLW;1955
;04:25:00;37;14116;OVRFLW;12035;85915;78656;4598;3355;2898;2143;OVRFLW;1320;14723;OVRFLW;13463;99136;93656;6369;3711;1537;1765;OVRFLW;1307;12632;OVRFLW;14522;OVRFLW;OVRFLW;6255;3320;2301;4284;OVRFLW;2011
;04:30:00;37;14238;OVRFLW;12085;86897;79307;4548;3422;3017;2255;OVRFLW;1282;14694;OVRFLW;13396;OVRFLW;95389;6464;3932;1498;1719;OVRFLW;1244;12803;OVRFLW;14966;OVRFLW;OVRFLW;6083;3266;2321;4439;OVRFLW;2050
;04:35:00;37;14488;OVRFLW;12489;88381;80850;4623;3491;3049;2392;OVRFLW;1351;15112;OVRFLW;13596;OVRFLW;95859;6370;3843;1586;1694;OVRFLW;1279;12988;OVRFLW;14879;OVRFLW;OVRFLW;6041;3211;2272;4454;OVRFLW;2044
;04:40:00;37;14512;OVRFLW;12660;90710;80999;4571;3444;3051;2400;OVRFLW;1370;14936;OVRFLW;14096;OVRFLW;97461;6447;3903;1546;1780;OVRFLW;1333;12897;OVRFLW;14878;OVRFLW;OVRFLW;6257;3320;2399;4563;OVRFLW;2029
;04:45:00;37;14530;OVRFLW;12775;91904;81875;4630;3510;2959;2441;OVRFLW;1399;15051;OVRFLW;14016;OVRFLW;98303;6529;3880;1491;1737;OVRFLW;1332;12963;OVRFLW;15372;OVRFLW;OVRFLW;6133;3434;2308;4549;OVRFLW;2142
;04:50:00;37;14496;OVRFLW;13164;92235;83118;4763;3496;3173;2416;OVRFLW;1414;15133;OVRFLW;14520;OVRFLW;99361;6591;3956;1552;1849;OVRFLW;1332;12900;OVRFLW;15659;OVRFLW;OVRFLW;6206;3422;2347;4661;OVRFLW;2037
;04:55:00;37;14674;OVRFLW;13272;93629;83412;4765;3631;3173;2496;OVRFLW;1408;15085;OVRFLW;14746;OVRFLW;OVRFLW;6731;3845;1591;1691;OVRFLW;1390;12898;OVRFLW;15904;OVRFLW;OVRFLW;6196;3467;2381;4632;OVRFLW;2101
;05:00:00;37;14726;OVRFLW;13434;94069;86532;4774;3596;3075;2512;OVRFLW;1386;15368;OVRFLW;14869;OVRFLW;OVRFLW;6703;3921;1653;1757;OVRFLW;1372;12930;OVRFLW;16226;OVRFLW;OVRFLW;6273;3432;2414;4647;OVRFLW;2193
;05:05:00;37;14893;OVRFLW;13832;97204;87593;4798;3519;3050;2582;OVRFLW;1377;15086;OVRFLW;14910;OVRFLW;OVRFLW;6743;3910;1619;1800;OVRFLW;1408;12989;OVRFLW;16207;OVRFLW;OVRFLW;6337;3424;2461;4715;OVRFLW;2142
;05:10:00;37;14900;OVRFLW;13884;98653;88703;4872;3598;3158;2639;OVRFLW;1433;15372;OVRFLW;15150;OVRFLW;OVRFLW;6761;3999;1597;1839;OVRFLW;1380;13259;OVRFLW;16321;OVRFLW;OVRFLW;6332;3443;2451;4740;OVRFLW;2047
;05:15:00;37;14934;OVRFLW;14258;98447;90173;4793;3567;3184;2690;OVRFLW;1477;15368;OVRFLW;15409;OVRFLW;OVRFLW;6771;3957;1584;1894;OVRFLW;1334;13309;OVRFLW;16801;OVRFLW;OVRFLW;6398;3493;2401;4853;OVRFLW;2159
;05:20:00;37;14966;OVRFLW;14302;OVRFLW;92234;4832;3528;3042;2653;OVRFLW;1408;15184;OVRFLW;15551;OVRFLW;OVRFLW;6855;3931;1612;1822;OVRFLW;1361;13280;OVRFLW;16901;OVRFLW;OVRFLW;6340;3456;2465;4952;OVRFLW;2163
;05:25:00;37;15070;OVRFLW;14689;OVRFLW;93030;5028;3516;3124;2727;OVRFLW;1467;15338;OVRFLW;15852;OVRFLW;OVRFLW;6679;3984;1651;1847;OVRFLW;1411;13376;OVRFLW;17118;OVRFLW;OVRFLW;6406;3490;2431;4915;OVRFLW;2234
;05:30:00;37;14926;OVRFLW;14583;OVRFLW;95515;4874;3610;3270;2794;OVRFLW;1502;15512;OVRFLW;15891;OVRFLW;OVRFLW;6741;3970;1655;1948;OVRFLW;1435;13436;OVRFLW;17316;OVRFLW;OVRFLW;6396;3513;2435;5016;OVRFLW;2189
;05:35:00;37;15216;OVRFLW;14929;OVRFLW;95579;4813;3609;3233;2866;OVRFLW;1480;15629;OVRFLW;15964;OVRFLW;OVRFLW;7016;4056;1735;1890;OVRFLW;1457;13401;OVRFLW;17529;OVRFLW;OVRFLW;6332;3468;2475;4911;OVRFLW;2193
;05:40:00;37;15115;OVRFLW;15235;OVRFLW;97359;5090;3669;3216;2775;OVRFLW;1439;15892;OVRFLW;16483;OVRFLW;OVRFLW;6937;3992;1656;1964;OVRFLW;1469;13555;OVRFLW;17513;OVRFLW;OVRFLW;6502;3464;2463;5071;OVRFLW;2226
;05:45:00;37;15365;OVRFLW;15379;OVRFLW;98078;5063;3677;3244;2951;OVRFLW;1617;15394;OVRFLW;16269;OVRFLW;OVRFLW;6907;4080;1752;1990;OVRFLW;1398;13471;OVRFLW;17639;OVRFLW;OVRFLW;6535;3431;2498;5049;OVRFLW;2217
;05:50:00;37;15463;OVRFLW;15433;OVRFLW;99372;5063;3741;3173;2932;OVRFLW;1529;15841;OVRFLW;16561;OVRFLW;OVRFLW;6845;3977;1672;1963;OVRFLW;1470;13388;OVRFLW;17896;OVRFLW;OVRFLW;6224;3587;2512;5340;OVRFLW;2211
;05:55:00;37;15291;OVRFLW;15563;OVRFLW;OVRFLW;5027;3638;3307;3050;OVRFLW;1561;15447;OVRFLW;16903;OVRFLW;OVRFLW;6962;3989;1689;1939;OVRFLW;1427;13551;OVRFLW;17935;OVRFLW;OVRFLW;6740;3585;2527;5041;OVRFLW;2323
;06:00:00;37;15414;OVRFLW;15738;OVRFLW;OVRFLW;5093;3708;3392;3005;OVRFLW;1535;15491;OVRFLW;17078;OVRFLW;OVRFLW;6970;4103;1761;1948;OVRFLW;1466;13504;OVRFLW;18314;OVRFLW;OVRFLW;6633;3522;2540;5370;OVRFLW;2328
;06:05:00;37;15306;OVRFLW;16054;OVRFLW;OVRFLW;5027;3717;3143;3103;OVRFLW;1511;15557;OVRFLW;17052;OVRFLW;OVRFLW;7242;4075;1747;1945;OVRFLW;1445;13745;OVRFLW;18344;OVRFLW;OVRFLW;6573;3512;2593;5386;OVRFLW;2339
;06:10:00;37;15363;OVRFLW;16492;OVRFLW;OVRFLW;5064;3714;3212;3123;OVRFLW;1505;15656;OVRFLW;17337;OVRFLW;OVRFLW;6926;4067;1805;2000;OVRFLW;1513;13616;OVRFLW;18341;OVRFLW;OVRFLW;6787;3590;2560;5443;OVRFLW;2303
;06:15:00;37;15606;OVRFLW;16532;OVRFLW;OVRFLW;5071;3827;3351;3048;OVRFLW;1526;15579;OVRFLW;17112;OVRFLW;OVRFLW;7129;4162;1752;1901;OVRFLW;1518;13446;OVRFLW;18629;OVRFLW;OVRFLW;6662;3593;2623;5496;OVRFLW;2198
;06:20:00;37;15663;OVRFLW;16454;OVRFLW;OVRFLW;5091;3651;3258;3165;OVRFLW;1567;15758;OVRFLW;17811;OVRFLW;OVRFLW;6896;4117;1731;1875;OVRFLW;1522;13889;OVRFLW;18677;OVRFLW;OVRFLW;6677;3567;2559;5417;OVRFLW;2327
;06:25:00;37;15928;OVRFLW;16657;OVRFLW;OVRFLW;5097;3628;3298;3018;OVRFLW;1576;15796;OVRFLW;17677;OVRFLW;OVRFLW;7155;4101;1803;2009;OVRFLW;1457;13803;OVRFLW;18957;OVRFLW;OVRFLW;6644;3593;2549;5447;OVRFLW;2262
;06:30:00;37;15723;OVRFLW;16776;OVRFLW;OVRFLW;5137;3825;3303;3194;OVRFLW;1627;15951;OVRFLW;17770;OVRFLW;OVRFLW;7089;4162;1714;1968;OVRFLW;1525;13946;OVRFLW;18853;OVRFLW;OVRFLW;6531;3566;2608;5536;OVRFLW;2320
;06:35:00;37;15807;OVRFLW;17003;OVRFLW;OVRFLW;5211;3729;3243;3264;OVRFLW;1572;15625;OVRFLW;18116;OVRFLW;OVRFLW;7059;4026;1768;2020;OVRFLW;1586;13738;OVRFLW;19231;OVRFLW;OVRFLW;6699;3620;2529;5511;OVRFLW;2291
;06:40:00;37;15828;OVRFLW;16939;OVRFLW;OVRFLW;5241;3862;3338;3319;OVRFLW;1566;15755;OVRFLW;17946;OVRFLW;OVRFLW;7238;4185;1746;1949;OVRFLW;1575;13864;OVRFLW;19429;OVRFLW;OVRFLW;6569;3517;2563;5575;OVRFLW;2365
;06:45:00;37;15931;OVRFLW;17179;OVRFLW;OVRFLW;5184;3740;3319;3384;OVRFLW;1615;15896;OVRFLW;18422;OVRFLW;OVRFLW;7160;4226;1767;1950;OVRFLW;1483;14246;OVRFLW;19340;OVRFLW;OVRFLW;6700;3574;2612;5641;OVRFLW;2407
;06:50:00;37;16003;OVRFLW;17407;OVRFLW;OVRFLW;5385;3880;3398;3261;OVRFLW;1623;15660;OVRFLW;18486;OVRFLW;OVRFLW;7238;4148;1725;1977;OVRFLW;1545;13786;OVRFLW;19653;OVRFLW;OVRFLW;6759;3609;2505;5747;OVRFLW;2266
;06:55:00;37;16126;OVRFLW;17466;OVRFLW;OVRFLW;5182;3797;3301;3274;OVRFLW;1631;15872;OVRFLW;18505;OVRFLW;OVRFLW;7328;4101;1843;1951;OVRFLW;1505;14075;OVRFLW;19528;OVRFLW;OVRFLW;6738;3526;2570;5754;OVRFLW;2290
;07:00:00;37;16041;OVRFLW;17397;OVRFLW;OVRFLW;5188;3729;3365;3393;OVRFLW;1555;15938;OVRFLW;18622;OVRFLW;OVRFLW;7286;4027;1775;1919;OVRFLW;1524;13916;OVRFLW;19490;OVRFLW;OVRFLW;6605;3559;2633;5675;OVRFLW;2291
;07:05:00;37;16341;OVRFLW;17360;OVRFLW;OVRFLW;5338;3828;3410;3317;OVRFLW;1663;15927;OVRFLW;18847;OVRFLW;OVRFLW;7219;4194;1752;1968;OVRFLW;1557;14387;OVRFLW;20029;OVRFLW;OVRFLW;6811;3638;2617;5791;OVRFLW;2346
;07:10:00;37;16059;OVRFLW;17850;OVRFLW;OVRFLW;5246;3778;3349;3424;OVRFLW;1624;15519;OVRFLW;18494;OVRFLW;OVRFLW;7218;4097;1757;2011;OVRFLW;1498;14406;OVRFLW;19949;OVRFLW;OVRFLW;6753;3695;2690;5735;OVRFLW;2490
;07:15:00;37;16328;OVRFLW;17989;OVRFLW;OVRFLW;5341;3862;3382;3460;OVRFLW;1711;15987;OVRFLW;18822;OVRFLW;OVRFLW;7163;4168;1866;2018;OVRFLW;1534;14229;OVRFLW;19895;OVRFLW;OVRFLW;6696;3566;2597;5929;OVRFLW;2389
;07:20:00;37;16103;OVRFLW;17997;OVRFLW;OVRFLW;5333;3854;3347;3574;OVRFLW;1608;15787;OVRFLW;18900;OVRFLW;OVRFLW;7213;4123;1778;2076;OVRFLW;1523;14257;OVRFLW;19950;OVRFLW;OVRFLW;6780;3549;2729;5843;OVRFLW;2288
;07:25:00;37;16221;OVRFLW;18230;OVRFLW;OVRFLW;5396;3773;3424;3452;OVRFLW;1636;15954;OVRFLW;19242;OVRFLW;OVRFLW;7112;4257;1770;1994;OVRFLW;1505;14380;OVRFLW;20376;OVRFLW;OVRFLW;6787;3611;2619;5970;OVRFLW;2372
;07:30:00;37;16431;OVRFLW;18268;OVRFLW;OVRFLW;5316;3856;3404;3505;OVRFLW;1646;16195;OVRFLW;19067;OVRFLW;OVRFLW;7187;4257;1795;2133;OVRFLW;1563;14674;OVRFLW;20582;OVRFLW;OVRFLW;6835;3647;2660;5885;OVRFLW;2364
;07:35:00;37;16683;OVRFLW;17885;OVRFLW;OVRFLW;5321;3877;3403;3582;OVRFLW;1673;16206;OVRFLW;19269;OVRFLW;OVRFLW;7256;4242;1863;1955;OVRFLW;1600;14696;OVRFLW;20285;OVRFLW;OVRFLW;6819;3575;2621;6068;OVRFLW;2378
;07:40:00;37;16595;OVRFLW;18224;OVRFLW;OVRFLW;5312;3727;3413;3678;OVRFLW;1714;15791;OVRFLW;19213;OVRFLW;OVRFLW;7259;4054;1912;1988;OVRFLW;1555;14814;OVRFLW;20650;OVRFLW;OVRFLW;6820;3606;2682;6149;OVRFLW;2403
;07:45:00;37;16643;OVRFLW;18281;OVRFLW;OVRFLW;5424;3923;3438;3644;OVRFLW;1767;15950;OVRFLW;19280;OVRFLW;OVRFLW;7149;4201;1869;2044;OVRFLW;1514;14459;OVRFLW;20834;OVRFLW;OVRFLW;6973;3671;2550;6115;OVRFLW;2440
;07:50:00;37;16258;OVRFLW;18496;OVRFLW;OVRFLW;5452;3915;3241;3540;OVRFLW;1667;16423;OVRFLW;19140;OVRFLW;OVRFLW;7366;4131;1869;2050;OVRFLW;1586;14699;OVRFLW;20472;OVRFLW;OVRFLW;6944;3742;2705;6050;OVRFLW;2335
;07:55:00;37;16975;OVRFLW;18561;OVRFLW;OVRFLW;5447;3819;3473;3768;OVRFLW;1755;15910;OVRFLW;19747;OVRFLW;OVRFLW;7308;4294;1915;2056;OVRFLW;1569;14645;OVRFLW;20506;OVRFLW;OVRFLW;6903;3657;2594;6153;OVRFLW;2367
;08:00:00;37;16942;OVRFLW;18504;OVRFLW;OVRFLW;5362;3933;3343;3678;OVRFLW;1753;15987;OVRFLW;19525;OVRFLW;OVRFLW;7329;4172;1886;2108;OVRFLW;1567;14678;OVRFLW;20841;OVRFLW;OVRFLW;6999;3673;2640;6198;OVRFLW;2447
;;;;;;;;;;;;;;;;;;;;;;;;;;;;;;;;;;;
Read 1:485;528[2];;;;;;;;;;;;;;;;;;;;;;;;;;;;;;;;;;
;;;;;;;;;;;;;;;;;;;;;;;;;;;;;;;;;;;
;Time;T째 Read 1:485,528[2];I2;I3;I4;I5;I6;I7;I8;I9;I10;I11;I12;J2;J3;J4;J5;J6;J7;J8;J9;J10;J11;J12;K2;K3;K4;K5;K6;K7;K8;K9;K10;K11;K12
;00:00:18;37;419;459;473;465;508;494;484;519;640;550;611;458;503;487;492;510;595;550;633;634;521;578;512;476;482;455;511;519;522;540;475;546;580
;00:05:18;37;332;362;394;364;400;364;391;384;475;399;422;354;375;380;382;394;391;424;492;460;365;433;383;362;395;349;390;392;371;381;336;342;425
;00:10:18;37;327;310;304;298;305;282;321;298;387;299;339;314;303;326;292;305;308;354;415;351;248;365;325;268;306;305;296;266;278;297;236;266;323
;00:15:18;37;237;274;252;274;280;211;240;246;299;247;288;259;257;228;270;216;251;262;290;268;215;275;239;255;217;238;246;224;186;188;215;209;227
;00:20:18;37;221;394;203;284;272;177;181;214;220;220;173;194;440;153;275;205;202;155;240;197;205;149;155;509;154;313;237;138;146;139;162;233;170
;00:25:18;37;167;764;161;351;278;104;140;152;151;254;112;163;991;133;420;310;128;110;126;111;290;143;186;1238;135;686;445;129;141;107;123;487;137
;00:30:18;36.9;138;1364;141;457;359;115;120;125;113;453;96;146;1801;153;661;513;124;109;107;105;446;105;176;2428;126;1137;867;142;108;105;82;887;117
;00:35:18;37;148;2070;153;649;547;100;120;136;139;637;99;163;2939;160;970;759;127;113;104;109;680;86;227;3979;198;1732;1483;149;124;127;135;1369;89
;00:40:18;37;188;2797;138;866;709;127;97;97;126;922;108;237;4084;166;1302;1086;186;113;105;106;973;110;298;5649;197;2263;2093;161;89;125;132;1919;108
;00:45:18;36.9;232;3556;149;1116;904;145;139;126;104;1118;109;280;5358;213;1564;1361;229;121;92;130;1237;99;376;7350;242;2787;2753;153;150;151;163;2593;82
;00:50:18;37;266;4498;201;1264;1156;141;126;123;91;1409;87;350;7026;250;1821;1679;210;152;94;115;1547;78;436;9223;254;3275;3420;220;153;100;125;3186;127
;00:55:18;36.9;287;5757;218;1519;1373;173;122;103;105;1724;109;414;8906;260;2154;2000;239;163;118;115;2006;124;515;10922;273;3732;4063;224;133;109;128;3847;135
;01:00:18;37;353;7359;261;1768;1608;196;149;94;95;2142;98;445;10813;308;2580;2309;291;161;82;129;2571;103;576;12771;330;4103;4773;234;178;139;183;4302;135
;01:05:18;37;394;9041;278;2024;1900;189;139;119;130;2602;109;528;12712;343;2955;2700;297;201;123;102;3154;88;613;14212;355;4542;5239;286;139;122;213;5060;88
;01:10:18;37;472;10834;316;2267;2201;234;150;145;117;3240;84;608;14397;365;3414;3062;299;198;87;96;3710;107;690;15644;394;4819;5671;288;176;135;175;5595;103
;01:15:18;37;540;12285;346;2512;2539;222;192;126;147;3845;109;691;15790;409;3724;3403;349;204;125;133;4165;112;739;16706;440;5191;6168;322;182;135;182;6232;134
;01:20:18;37;631;13702;394;2781;2800;261;203;168;125;4450;113;751;17271;455;4025;3751;350;232;102;109;4586;103;750;17522;451;5496;6603;376;189;132;214;6615;103
;01:25:18;37;690;15289;418;2990;3056;293;194;179;101;5081;93;814;18320;452;4382;3983;389;233;76;120;5101;88;795;18619;494;5844;7200;381;192;163;208;7250;120
;01:30:18;37;729;17044;441;3306;3320;281;226;186;131;5566;100;884;19372;493;4719;4284;382;232;111;116;5662;89;816;19583;550;6153;7745;410;202;139;212;7628;119
;01:35:18;37;801;17932;484;3672;3574;322;239;185;116;6320;82;908;20707;545;5167;4462;413;247;105;146;6111;79;860;20891;593;6572;8281;419;227;147;265;7993;149
;01:40:18;36.9;854;19361;514;3933;3751;309;228;210;150;7222;92;960;21799;592;5441;4667;473;252;79;119;6615;105;867;21981;616;6905;8925;385;226;153;255;8494;115
;01:45:18;37;850;19830;509;4214;3939;324;258;192;117;7955;97;1048;23345;587;5868;4859;459;244;106;124;7100;73;874;23033;637;7173;9215;423;226;157;264;8905;157
;01:50:18;37;903;20661;557;4470;4136;339;263;223;131;8198;122;1124;24672;629;6095;5161;481;233;139;169;7392;106;940;24186;646;7447;9615;443;275;187;262;9239;160
;01:55:18;37;981;21227;536;4549;4271;337;247;222;137;8553;91;1168;25870;661;6368;5540;490;301;131;141;7758;114;994;25408;706;7617;10195;447;224;150;309;9783;139
;02:00:18;37;992;21800;578;4668;4462;341;257;220;139;8877;92;1183;26932;698;6457;6156;475;303;115;107;8057;87;1035;26296;758;7984;10458;445;269;186;326;10022;130
;02:05:18;37;1079;22528;638;5048;4696;360;259;230;153;9128;102;1213;27353;736;6731;6428;556;314;134;147;8475;105;1053;27358;740;8269;10812;500;278;192;314;10387;145
;02:10:18;36.9;1127;23387;639;5262;4974;403;289;220;158;9414;102;1261;28235;736;6837;6647;535;314;122;166;8804;113;1098;28146;795;8513;11286;474;263;195;302;10688;182
;02:15:18;37;1165;24193;642;5433;5128;392;287;231;144;9948;118;1292;29091;749;7071;6731;548;332;136;177;9047;106;1111;28859;850;8750;11315;492;270;208;352;10930;169
;02:20:18;37;1166;24523;725;5618;5209;418;323;240;184;10492;110;1289;29883;822;7344;6781;549;339;125;128;9474;132;1142;29668;892;9076;11826;513;278;208;339;11110;137
;02:25:18;37;1207;25080;744;5926;5403;391;320;274;172;11024;114;1372;30624;858;7594;6954;574;347;135;150;9782;111;1157;30512;909;9235;11987;517;302;226;358;11410;187
;02:30:18;37;1225;25906;740;6128;5579;407;282;242;158;11097;118;1367;31225;878;7784;7076;564;364;131;160;10096;101;1179;31208;992;9677;12409;548;306;241;347;11632;152
;02:35:18;37;1264;26450;775;6292;5744;416;282;281;184;11190;142;1380;32027;896;7884;7336;577;323;107;150;10297;131;1240;31807;968;9866;12580;556;327;190;345;11934;159
;02:40:18;37;1322;26706;784;6579;5820;405;322;258;184;11456;124;1451;32562;922;8178;7750;590;326;121;184;10607;132;1252;32479;1017;10123;12727;562;343;214;403;12136;185
;02:45:18;37;1312;27425;854;6692;6047;417;325;253;186;11609;112;1431;33009;957;8244;7916;620;373;150;137;10899;115;1268;32888;1054;10303;12947;563;313;202;371;12332;163
;02:50:18;37;1333;27959;857;6913;6113;454;346;262;186;11936;114;1494;33958;965;8550;8212;621;385;144;154;10946;141;1279;33893;1090;10581;13249;586;299;223;397;12431;175
;02:55:18;37;1332;28338;903;7017;6286;449;334;293;175;12199;102;1504;34014;1008;8715;8373;672;395;158;169;11371;112;1297;34469;1125;10649;13429;576;312;222;369;12772;189
;03:00:18;37;1313;28784;946;7186;6297;417;367;293;171;12484;112;1537;34937;1081;8941;8467;655;381;152;173;11704;96;1332;34602;1151;11155;13734;627;325;221;389;12819;187
;03:05:18;37;1365;29465;941;7483;6533;466;345;292;206;12617;92;1575;35315;1145;9285;8540;677;399;124;184;11827;120;1327;35473;1217;11153;13983;593;344;225;410;13146;230
;03:10:18;37;1396;30040;955;7669;6619;471;345;322;187;12984;133;1583;36066;1147;9380;8630;679;408;137;154;12141;124;1354;36229;1206;11341;14257;651;320;240;407;13349;204
;03:15:18;37;1435;30204;1011;7851;6790;472;354;313;236;13394;122;1608;36360;1150;9582;8687;695;420;135;182;12467;140;1402;36430;1271;11766;14446;653;336;249;441;13338;205
;03:20:18;37;1431;30962;1064;8000;7070;481;364;313;203;13618;131;1658;37109;1217;9823;8996;698;380;164;178;12611;135;1388;37280;1319;11765;14703;625;363;248;430;13637;204
;03:25:18;37;1422;31158;1073;8183;7084;471;357;293;195;13932;125;1648;37830;1216;9914;9292;674;436;133;181;12791;114;1396;37761;1345;12120;14673;655;371;251;431;13746;214
;03:30:18;37;1419;31782;1126;8401;7203;501;391;298;188;14056;126;1623;38229;1269;10173;9620;714;403;132;201;13119;128;1396;37625;1428;12213;14880;689;335;274;417;13870;232
;03:35:18;37;1418;32366;1131;8566;7370;469;373;307;205;14229;119;1696;38417;1286;10415;9895;713;407;180;187;13232;145;1405;37896;1423;12362;15069;678;354;236;467;14111;190
;03:40:18;37;1404;32624;1165;8693;7566;487;382;310;227;14631;159;1682;39130;1298;10700;10214;708;419;180;183;13535;160;1418;38924;1480;12553;15276;682;383;243;463;14112;201
;03:45:18;37;1502;32753;1187;8835;7638;507;364;350;219;14723;130;1713;39282;1388;11079;10273;720;443;170;172;13702;149;1475;39499;1511;12696;15497;665;392;270;490;14438;221
;03:50:18;37;1503;33175;1264;9014;7920;504;390;340;211;15092;143;1683;39715;1404;11106;10468;740;437;167;190;13853;124;1449;39909;1532;12874;15579;698;385;277;450;14468;203
;03:55:18;37;1562;33406;1274;9047;8234;505;374;353;267;15450;129;1671;40170;1415;11170;10507;729;441;128;185;13970;121;1473;40388;1563;13137;15797;670;365;224;477;14497;208
;04:00:18;37;1590;33921;1296;9349;8297;513;381;325;235;15258;140;1720;40369;1494;11466;10627;738;449;159;208;14385;163;1482;40411;1596;13334;15785;703;361;233;472;14803;251
;04:05:18;37;1572;34306;1297;9547;8560;519;392;348;245;15514;144;1768;40981;1484;11472;10852;765;422;191;221;14390;157;1472;40808;1642;13490;15777;680;391;277;490;15127;226
;04:10:18;37;1637;34740;1369;9521;8758;543;392;320;269;15713;158;1727;40934;1548;11523;10968;790;402;149;192;14836;164;1508;41228;1649;13720;15862;677;368;262;487;15020;200
;04:15:18;37;1638;34947;1397;9922;8908;544;367;348;249;15948;159;1740;41360;1532;11733;11035;746;465;168;196;14739;122;1531;41649;1672;13874;16124;719;372;270;490;15148;206
;04:20:18;37;1720;34874;1419;10111;9137;541;401;368;235;16132;151;1802;41680;1538;11898;11081;742;437;155;214;14988;170;1512;42193;1755;14048;16260;683;389;276;519;15290;257
;04:25:18;37;1684;35120;1409;10255;9200;545;419;362;261;16204;151;1773;42174;1547;12093;11289;766;470;186;194;15377;168;1458;42481;1739;14271;16561;745;360;284;517;15555;226
;04:30:18;37;1678;35233;1461;10374;9357;544;378;343;296;16446;127;1780;42531;1612;12091;11388;803;444;205;218;15495;171;1524;42783;1824;14402;16520;724;401;259;528;15624;274
;04:35:18;37;1722;35556;1519;10555;9550;580;409;349;289;16692;171;1805;42805;1657;12265;11542;806;464;171;210;15440;158;1570;43322;1803;14516;16855;749;398;255;537;15801;240
;04:40:18;37;1694;35450;1498;10787;9679;556;405;348;253;16697;174;1788;43164;1727;12372;11659;810;446;181;203;15640;171;1507;43273;1844;14595;16788;764;414;256;506;15797;243
;04:45:18;37;1690;35526;1520;10960;9810;549;447;358;300;17045;163;1767;43194;1672;12591;11760;778;458;176;216;15677;133;1558;42962;1859;14745;16819;746;403;300;558;15771;255
;04:50:18;37;1724;35868;1525;11059;9886;542;434;329;307;16868;185;1793;43471;1692;12827;11763;791;458;185;218;15979;172;1534;43707;1856;14955;17123;747;417;274;569;16114;256
;04:55:18;37;1735;35921;1636;11237;9986;546;421;390;292;17103;155;1769;43616;1772;12954;11936;815;470;196;223;15989;139;1560;43857;1908;14980;17141;761;404;276;545;16286;236
;05:00:18;37;1714;35874;1641;11330;10161;575;449;384;305;17262;185;1823;44346;1813;13179;12043;813;471;168;230;16225;170;1572;43829;1927;15189;17254;766;423;310;527;16405;269
;05:05:18;37;1730;36581;1655;11534;10331;560;442;355;293;17303;158;1812;44520;1763;13322;12234;816;488;171;214;16346;186;1600;44466;1978;15539;17427;762;432;316;584;16219;264
;05:10:18;37;1760;37015;1677;11582;10542;591;381;391;307;17388;159;1824;44786;1793;13510;12284;814;452;209;226;16487;162;1560;44439;1973;15500;17464;728;403;320;557;16454;254
;05:15:18;37;1739;37143;1690;11808;10845;573;442;364;307;17397;182;1834;45075;1854;13711;12532;801;448;180;193;16626;158;1550;44968;1996;15566;17440;750;403;307;539;16487;240
;05:20:18;37;1774;37224;1712;12125;10958;597;436;364;349;17892;180;1832;45267;1866;13764;12588;823;460;212;218;16755;173;1572;45028;2020;15708;17588;757;386;296;596;16515;260
;05:25:18;37;1747;37416;1759;12271;10894;617;421;386;335;17743;147;1876;45415;1898;13989;12680;831;498;193;244;16908;177;1571;45046;1994;15990;17835;768;438;277;575;16839;268
;05:30:18;37;1796;37640;1764;12403;11217;598;451;369;343;17888;172;1872;45281;1950;14039;12828;842;459;183;199;17027;166;1602;45282;2040;16073;17825;792;403;298;613;16871;259
;05:35:18;37;1811;37930;1776;12516;11309;591;455;354;300;18087;195;1895;45797;1915;14296;12898;824;466;206;244;17082;174;1616;45431;2113;15992;17929;755;427;294;570;16992;266
;05:40:18;37;1818;38614;1825;12528;11495;606;434;390;335;18142;203;1837;45808;1953;14391;13145;822;515;184;219;17302;189;1612;45476;2109;16198;17936;770;420;289;577;16813;288
;05:45:18;37;1807;38525;1819;12674;11685;600;408;361;339;18152;177;1860;46074;1987;14682;13241;847;498;208;256;17241;181;1578;45839;2142;16236;18268;781;410;354;603;16983;280
;05:50:18;37;1814;38304;1789;12714;11747;606;448;395;338;18462;183;1860;46041;1962;14773;13380;824;490;216;229;17453;171;1588;45649;2152;16382;18187;839;404;291;629;17182;270
;05:55:18;37;1842;38546;1876;12903;11887;587;409;373;353;18595;169;1869;46039;2009;14932;13417;838;493;186;242;17770;183;1657;45730;2176;16472;18251;768;404;316;601;17233;271
;06:00:18;37;1794;38644;1925;12894;12069;585;425;402;373;18758;197;1896;46789;2035;15118;13456;845;521;193;221;17620;161;1636;46295;2192;16497;18202;785;406;311;625;17466;284
;06:05:18;37;1858;39256;1904;13202;12257;589;410;406;356;18416;190;1869;46758;2057;15164;13655;815;458;206;251;17817;200;1623;46531;2165;16605;18328;765;418;286;621;17325;264
;06:10:18;37;1883;38930;1944;13286;12417;608;403;388;367;18782;209;1898;47097;2142;15318;13547;847;484;209;224;18150;180;1686;46063;2263;16810;18625;786;398;304;619;17304;281
;06:15:18;37;1839;39209;1940;13406;12502;595;407;380;367;18733;197;1912;46696;2073;15445;13906;844;497;198;230;18184;162;1646;46339;2239;17088;18720;813;414;283;655;17557;255
;06:20:18;37;1821;39339;1980;13480;12733;597;452;411;358;18862;192;1886;46888;2101;15550;13885;804;485;199;242;18219;184;1614;46452;2291;17080;18477;772;453;338;649;17582;296
;06:25:18;37;1850;39623;1981;13454;12811;598;450;392;347;19176;198;1872;46839;2132;15807;14085;844;494;221;226;18116;160;1693;46807;2269;17229;18760;780;440;289;663;17618;307
;06:30:18;37;1891;40060;2059;13601;12906;603;461;375;378;19055;202;1924;47377;2123;15890;14142;866;469;203;243;18377;208;1652;47216;2233;17372;18980;801;398;314;693;17748;267
;06:35:18;37;1868;39749;2011;13799;13025;635;449;402;392;18875;192;1910;47834;2184;16008;14245;881;511;227;224;18584;181;1701;46767;2286;17244;18934;810;438;289;656;17649;260
;06:40:18;37;1856;39771;2075;13784;13343;614;481;373;383;19153;194;1903;47395;2160;16278;14427;868;461;232;240;18445;180;1697;47376;2323;17451;18892;824;428;333;688;17918;291
;06:45:18;37;1927;39929;2067;14018;13256;624;437;411;400;19081;196;1892;47536;2176;16283;14741;877;492;217;232;18640;190;1687;47580;2349;17624;19403;810;427;307;690;17969;273
;06:50:18;37;1883;40408;2053;14172;13404;618;421;402;369;19226;199;1900;47830;2233;16383;14626;849;489;196;222;18750;167;1659;47395;2309;17968;19183;801;432;345;668;17830;262
;06:55:18;37;1852;39918;2062;14264;13455;601;454;372;398;19126;190;1919;47604;2169;16624;14594;850;476;216;259;18716;189;1687;47550;2353;17898;19405;810;457;305;704;17960;273
;07:00:18;37;1871;40498;2069;14234;13835;592;459;397;384;19445;223;1879;47653;2247;16568;14640;882;497;224;231;18823;183;1679;47606;2355;17832;19520;799;439;317;692;17957;275
;07:05:18;37;1894;40347;2089;14693;13850;636;458;382;424;19356;215;1910;48024;2214;16591;14854;846;531;208;226;18946;196;1681;47955;2405;18048;19367;819;415;308;690;18181;263
;07:10:18;37;1885;40283;2098;14906;13750;630;426;362;401;19473;213;1895;48181;2239;16750;14806;823;507;244;243;19289;204;1676;47692;2341;18161;19557;788;437;303;687;18030;288
;07:15:18;37;1894;40058;2078;15272;14128;638;452;379;414;19367;216;1933;47939;2297;16782;14882;848;499;208;235;19174;193;1662;47537;2405;17956;19554;798;423;333;709;18239;287
;07:20:18;37;1915;40558;2152;14961;14292;620;463;389;382;19516;191;1882;48316;2286;16812;14935;890;524;188;258;19161;168;1727;48169;2414;18146;19487;822;432;325;708;18167;283
;07:25:18;37;1939;40331;2124;15258;14252;649;457;414;439;19432;210;1909;48849;2351;16884;15183;854;515;239;236;19403;188;1761;48021;2438;18118;19747;835;421;335;729;18271;283
;07:30:18;37;1976;40711;2142;15415;14468;629;441;398;410;19709;204;1920;48859;2300;17176;15179;865;491;241;237;19477;173;1754;48585;2438;18410;19663;813;438;316;716;18329;307
;07:35:18;37;1963;40753;2164;15428;14651;619;459;375;406;19749;217;1943;49214;2317;17372;15342;871;502;199;262;19490;205;1694;48312;2405;18622;20039;828;432;301;718;18789;284
;07:40:18;37;1920;40805;2157;15801;14528;636;458;407;441;19636;208;1934;48844;2305;17357;15343;858;508;227;232;19704;184;1723;48799;2471;18675;19986;816;433;328;718;18517;268
;07:45:18;37;1896;40720;2180;15772;14785;633;453;391;434;19746;204;1912;49144;2295;17260;15465;880;503;242;253;19813;198;1770;48483;2495;18698;20009;847;439;301;755;18547;268
;07:50:18;37;1967;40668;2181;16019;14863;623;446;416;429;19917;207;1905;49052;2346;17503;15392;861;485;178;259;19728;200;1748;48475;2523;18508;20183;851;437;363;730;18479;303
;07:55:18;37;1916;40869;2190;16154;14835;649;468;430;427;19815;203;1901;49274;2307;17621;15296;867;535;232;260;19830;209;1786;48786;2483;18764;20400;794;456;313;763;18791;281
;08:00:18;37;1944;40942;2191;16089;15164;657;481;428;445;19872;200;1918;49266;2358;17667;15546;888;489;214;233;19923;213;1744;48848;2490;18918;20074;805;460;317;741;18551;285
;;;;;;;;;;;;;;;;;;;;;;;;;;;;;;;;;;;
Read 2:485;528;;;;;;;;;;;;;;;;;;;;;;;;;;;;;;;;;;
;;;;;;;;;;;;;;;;;;;;;;;;;;;;;;;;;;;
;Time;T째 Read 2:485,528;I2;I3;I4;I5;I6;I7;I8;I9;I10;I11;I12;J2;J3;J4;J5;J6;J7;J8;J9;J10;J11;J12;K2;K3;K4;K5;K6;K7;K8;K9;K10;K11;K12
;00:00:36;37;264;289;304;278;289;298;300;310;393;339;351;277;268;316;276;342;358;329;391;362;313;392;279;246;278;282;301;344;312;351;260;308;331
;00:05:36;36.9;222;217;234;232;232;219;233;227;269;235;249;201;218;241;241;228;214;240;279;289;230;293;217;213;218;224;227;192;225;192;193;201;243
;00:10:36;36.9;152;182;168;173;227;183;137;199;231;211;206;200;164;185;183;163;202;179;250;187;185;195;213;158;161;166;194;183;143;150;184;137;179
;00:15:36;37;159;166;188;153;170;138;120;156;193;162;178;164;155;114;148;130;150;144;165;171;134;149;151;172;142;136;159;132;135;135;126;111;137
;00:20:36;37;154;258;118;183;134;83;119;112;125;115;117;122;238;90;178;167;127;116;138;140;132;103;100;348;81;200;194;89;54;92;82;180;57
;00:25:36;37;109;438;88;212;181;65;79;112;96;165;74;74;612;105;251;190;87;79;61;75;154;69;91;805;89;409;290;69;73;76;79;295;58
;00:30:36;37;84;816;72;299;242;48;79;69;76;300;96;67;1091;83;422;313;61;90;56;67;323;42;101;1510;104;694;528;61;68;65;37;535;78
;00:35:36;37;132;1251;73;400;332;73;45;55;75;382;68;136;1788;110;599;469;57;78;83;61;420;55;149;2452;92;1047;911;88;66;64;62;864;40
;00:40:36;37;106;1669;104;513;410;63;87;76;74;556;51;146;2509;130;765;676;109;53;73;82;582;59;179;3453;152;1385;1326;103;62;48;42;1230;58
;00:45:36;37;140;2154;102;686;563;71;78;60;78;716;51;187;3318;128;934;835;126;96;68;71;796;40;235;4465;136;1666;1712;104;103;90;71;1601;48
;00:50:36;36.9;143;2758;100;778;712;72;67;68;67;862;86;200;4335;147;1140;1048;133;85;63;57;948;60;264;5571;169;1955;2136;155;109;80;86;2020;53
;00:55:36;37;176;3540;117;923;838;99;106;75;69;1050;25;241;5476;154;1350;1206;124;85;66;86;1270;52;342;6740;200;2223;2526;118;104;82;97;2287;72
;01:00:36;37;212;4525;162;1086;1011;138;101;62;79;1327;71;292;6640;177;1561;1418;177;144;81;67;1581;87;359;7724;215;2510;2928;180;124;63;94;2696;37
;01:05:36;37;231;5575;141;1256;1189;133;88;82;88;1613;79;360;7815;207;1818;1631;181;106;83;78;1929;76;393;8602;202;2714;3230;188;90;75;122;3073;64
;01:10:36;37;309;6560;210;1384;1377;128;112;98;65;1967;63;379;8752;223;2094;1854;240;87;45;81;2280;65;434;9427;247;2946;3482;170;101;66;91;3430;58
;01:15:36;37;328;7605;231;1486;1540;146;96;80;90;2368;55;420;9613;264;2284;2088;257;137;53;70;2554;57;405;10158;282;3157;3690;205;118;87;112;3686;65
;01:20:36;37;383;8461;234;1695;1696;157;107;111;85;2738;69;466;10404;294;2477;2315;219;149;68;94;2844;65;482;10638;317;3312;4022;209;98;98;110;4034;91
;01:25:36;37;412;9354;286;1860;1873;189;125;107;76;3042;49;496;11190;265;2727;2468;256;168;92;69;3112;60;459;11134;289;3585;4419;220;117;86;136;4323;57
;01:30:36;37;462;10380;265;2029;2016;204;152;80;84;3376;70;527;11790;286;2930;2587;250;147;82;119;3408;92;491;11919;312;3760;4773;267;131;93;121;4636;60
;01:35:36;37;475;11118;258;2226;2143;168;183;123;89;3860;79;569;12466;327;3125;2716;238;144;48;77;3792;69;511;12589;375;4007;4984;257;135;86;161;4942;57
;01:40:36;37;511;11659;299;2438;2311;211;141;133;77;4402;94;600;13240;351;3364;2799;257;159;83;68;4011;67;525;13352;371;4162;5367;242;161;88;146;5109;75
;01:45:36;37;530;12111;319;2536;2410;164;150;124;75;4818;62;625;13952;372;3531;2931;282;186;54;70;4374;72;534;13940;392;4299;5670;277;134;107;155;5450;69
;01:50:36;37;571;12454;309;2703;2485;223;166;112;96;4948;67;645;15060;362;3687;3101;279;140;100;89;4529;83;571;14611;419;4490;5946;265;136;102;173;5699;93
;01:55:36;37;609;12910;333;2745;2592;192;156;121;91;5145;59;681;15621;381;3839;3363;292;192;48;102;4672;72;621;15353;434;4646;6083;272;151;154;177;5854;79
;02:00:36;37;620;13113;353;2822;2725;233;187;145;94;5383;56;713;16057;430;3944;3705;329;176;108;85;4961;59;604;15828;465;4865;6317;287;133;89;197;6047;65
;02:05:36;36.9;646;13788;354;3041;2848;238;158;124;74;5532;89;755;16774;428;4034;3858;311;196;70;99;5174;75;630;16507;461;4994;6548;290;175;134;194;6343;93
;02:10:36;37;668;14036;369;3203;2947;252;179;149;65;5826;55;796;17526;421;4185;3965;300;191;85;84;5373;80;666;17062;484;5175;6742;319;138;117;162;6499;84
;02:15:36;37;662;14678;393;3319;3105;225;164;157;69;6050;77;779;17607;487;4292;4075;324;187;98;95;5486;87;677;17639;463;5315;6944;288;166;112;200;6661;82
;02:20:36;37;701;14987;420;3361;3182;229;171;139;96;6354;55;783;18029;501;4478;4080;312;190;59;107;5722;63;700;18085;507;5439;7134;302;173;127;225;6825;90
;02:25:36;37;717;15326;402;3631;3185;237;180;178;107;6716;62;810;18253;544;4574;4181;372;225;101;87;5986;32;711;18640;587;5686;7295;296;185;145;202;6975;98
;02:30:36;37;745;15711;475;3699;3329;259;196;162;86;6758;56;848;18881;510;4649;4342;346;224;96;98;6155;63;718;18963;590;5790;7445;342;177;123;211;7052;80
;02:35:36;37;768;16055;474;3804;3474;280;207;164;86;6787;75;844;19348;545;4812;4443;356;217;95;100;6252;57;771;19418;592;5878;7604;353;210;108;205;7200;95
;02:40:36;37;798;16292;495;3951;3502;298;193;166;85;6845;72;876;19441;544;4952;4648;418;206;75;52;6419;84;734;19716;630;6081;7714;370;191;141;219;7375;106
;02:45:36;37;767;16524;513;4125;3639;268;220;143;122;7084;71;894;19968;561;5002;4838;404;217;70;99;6539;65;785;19891;634;6177;7936;358;197;143;218;7448;106
;02:50:36;37;786;16791;519;4118;3698;295;194;133;118;7298;95;912;20329;590;5197;4982;395;213;67;89;6735;64;788;20610;687;6349;8052;322;187;112;205;7545;118
;02:55:36;37;796;17259;543;4323;3762;273;193;149;104;7433;93;912;20751;623;5277;4980;368;243;63;93;6831;89;796;20874;685;6540;8217;392;189;143;217;7750;117
;03:00:36;37;826;17514;560;4384;3829;284;186;185;123;7438;64;926;21278;622;5448;5132;370;204;81;84;6997;62;789;21182;714;6577;8333;351;202;129;223;7866;89
;03:05:36;37;822;17942;595;4529;3902;264;217;183;134;7726;72;966;21322;695;5622;5229;422;240;83;104;7207;77;834;21423;726;6771;8493;383;221;138;249;7875;135
;03:10:36;37;832;18103;577;4631;4023;266;202;163;134;7852;54;925;21721;679;5717;5242;403;227;68;110;7384;64;829;21738;748;6957;8524;382;208;157;240;8044;119
;03:15:36;36.9;814;18290;635;4819;4127;299;228;211;131;8053;91;978;22094;723;5813;5322;393;276;94;104;7474;108;855;22140;798;6992;8628;376;184;144;244;8125;151
;03:20:36;37;850;18870;636;4834;4160;285;243;206;118;8235;111;951;22476;751;5856;5376;432;253;72;114;7581;91;872;22536;762;7119;8824;403;203;151;265;8248;147
;03:25:36;37;869;18984;643;4975;4319;303;229;182;149;8394;93;968;22734;724;5998;5651;428;256;101;107;7833;78;844;22585;819;7195;8894;398;224;153;254;8368;115
;03:30:36;37;886;19266;670;5093;4357;276;226;198;137;8597;95;1001;22834;776;6132;5895;432;286;80;122;7922;98;873;23047;821;7341;9038;406;209;151;289;8446;119
;03:35:36;37;881;19567;677;5097;4469;291;246;210;132;8740;77;1014;23364;794;6234;5961;432;297;92;111;8006;68;849;23281;856;7538;9037;417;214;165;259;8424;141
;03:40:36;37;874;19600;721;5251;4508;304;253;198;126;8789;80;1002;23537;818;6528;6116;449;288;80;125;8206;56;887;23390;855;7585;9213;401;227;148;260;8620;127
;03:45:36;36.9;894;20107;755;5364;4664;329;220;182;128;8906;115;1051;23677;840;6741;6186;436;258;120;129;8314;62;858;23914;905;7692;9272;398;257;162;263;8736;127
;03:50:36;37;957;20260;758;5412;4846;296;235;184;146;9029;78;1030;24119;834;6752;6317;426;250;108;108;8393;66;879;24068;925;7858;9428;402;217;146;299;8764;143
;03:55:36;36.9;923;20510;715;5577;4969;313;219;209;153;9244;101;1015;24587;878;6771;6329;471;272;88;120;8422;95;894;24508;956;7974;9552;393;234;162;299;8817;141
;04:00:36;37;963;20683;742;5619;5131;276;237;199;155;9352;90;1069;24662;856;6882;6453;464;236;126;112;8611;90;896;24543;983;8077;9585;411;230;160;285;8976;145
;04:05:36;37;996;20838;828;5711;5208;300;246;190;158;9576;79;1058;24978;904;6874;6600;441;272;102;145;8781;70;866;24820;986;8108;9566;436;238;166;326;9085;125
;04:10:36;37;1032;20952;795;5872;5304;299;241;186;135;9486;119;1076;24834;912;7013;6569;472;284;107;80;8848;70;886;24928;1014;8285;9857;406;231;150;287;9130;169
;04:15:36;37;1026;21177;843;5984;5391;300;254;182;174;9699;92;1076;25300;943;7082;6574;474;249;108;114;8978;109;917;25213;1028;8403;9748;429;245;145;323;9217;126
;04:20:36;37;1026;21351;868;6036;5529;332;218;199;164;9755;77;1092;25179;969;7194;6656;422;239;137;135;9249;116;930;25611;1019;8582;9907;443;237;173;287;9167;149
;04:25:36;37;1024;21478;863;6121;5616;316;244;203;140;9841;80;1067;25836;956;7145;6798;440;262;128;134;9237;106;931;25734;1058;8565;9983;455;250;149;348;9404;149
;04:30:36;37;976;21179;898;6240;5675;339;291;196;156;9923;97;1070;25909;1014;7358;6882;485;249;100;114;9340;86;886;25667;1088;8678;10145;437;264;171;327;9549;156
;04:35:36;37;1018;21479;891;6408;5852;347;252;204;164;9968;82;1052;25951;1030;7428;6952;498;294;88;120;9420;112;934;25888;1081;8856;10044;440;264;172;337;9426;142
;04:40:36;37;1045;21505;889;6542;5864;331;245;218;171;10030;104;1099;26033;1016;7574;7062;451;284;124;132;9580;97;949;26035;1122;8792;10245;430;253;160;347;9538;173
;04:45:36;37;1035;21632;946;6633;6011;336;262;235;154;10129;104;1092;26161;1063;7623;7171;500;261;106;141;9507;95;938;26081;1128;9012;10269;459;240;158;344;9658;135
;04:50:36;37;1056;21597;955;6744;5997;337;277;237;168;10388;100;1057;26315;1065;7720;7172;484;286;97;119;9671;121;923;26398;1139;9058;10323;441;246;193;335;9756;170
;04:55:36;37;1009;21746;962;6795;6075;327;256;227;191;10371;117;1081;26849;1087;7864;7270;473;311;95;118;9698;103;945;26655;1169;9199;10387;467;256;163;331;9692;151
;05:00:36;36.9;1036;21958;966;6913;6130;338;246;203;205;10451;114;1110;26787;1055;8004;7380;486;280;115;160;9818;108;943;26532;1147;9316;10486;471;236;188;321;9797;139
;05:05:36;37;1063;22122;1008;6988;6237;342;263;213;167;10572;111;1079;27059;1104;8137;7284;475;300;130;125;9855;79;975;26664;1193;9299;10547;478;234;163;354;9883;136
;05:10:36;37;1046;22263;1025;7111;6382;366;283;205;203;10578;104;1114;27008;1103;8206;7422;487;308;134;138;10089;104;971;26798;1193;9401;10629;457;271;172;359;9884;152
;05:15:36;37;1039;22355;1038;7225;6488;375;270;256;209;10611;100;1093;27149;1135;8315;7491;494;274;126;157;10183;95;958;26763;1225;9540;10587;478;253;166;353;9934;152
;05:20:36;37;1068;22484;1059;7297;6626;361;251;245;185;10646;117;1154;27392;1145;8310;7541;488;287;131;149;10052;116;978;27463;1251;9551;10728;482;257;182;347;10057;161
;05:25:36;37;1081;22660;1026;7519;6687;357;264;226;193;10795;98;1140;27569;1197;8559;7697;483;290;103;121;10306;91;955;27099;1218;9649;10630;485;258;175;366;10217;180
;05:30:36;37;1069;23028;1044;7453;6719;336;266;221;191;10779;91;1121;27269;1166;8480;7778;507;302;115;148;10295;105;957;27737;1281;9728;10714;446;242;196;350;10229;156
;05:35:36;37;1101;23051;1074;7557;6977;385;277;217;180;10955;104;1142;27661;1171;8626;7769;503;282;105;145;10422;100;949;27342;1238;9627;10909;462;254;204;364;10266;149
;05:40:36;37;1108;23089;1087;7653;6932;365;251;221;215;10884;116;1097;27498;1197;8719;7835;498;268;126;161;10520;89;1007;27778;1290;9756;10881;469;259;187;371;10300;162
;05:45:36;37;1092;23139;1085;7618;7044;360;285;224;166;11085;121;1131;27560;1202;8738;7980;514;281;140;134;10529;103;926;27748;1275;9919;10959;454;246;188;362;10306;137
;05:50:36;37;1121;23408;1107;7801;7206;352;247;245;196;11104;122;1149;27791;1203;8908;8065;523;274;133;106;10628;97;966;27611;1277;9924;10938;481;281;212;375;10336;187
;05:55:36;37;1115;23507;1141;7909;7240;350;228;234;212;11171;118;1131;27833;1222;9042;8087;492;286;132;145;10618;94;987;27557;1299;9983;11060;472;234;181;376;10340;174
;06:00:36;37;1110;23475;1141;7909;7462;331;290;229;202;11078;141;1165;28062;1273;9125;8189;508;327;156;122;10690;102;1000;28003;1329;10021;11074;477;266;164;383;10449;185
;06:05:36;37;1080;23633;1151;7951;7415;338;280;234;200;11240;107;1135;28083;1233;9133;8221;489;256;136;112;10672;98;986;27902;1351;10126;11052;503;279;204;407;10466;168
;06:10:36;37;1153;23635;1144;8073;7497;353;283;224;194;11240;110;1087;28371;1250;9350;8221;500;322;122;140;10949;108;995;28201;1355;10195;11291;490;246;199;369;10558;157
;06:15:36;37;1158;24078;1155;8163;7629;362;272;235;200;11468;135;1176;28620;1253;9283;8445;527;300;110;136;10916;118;1013;28116;1347;10225;11282;494;281;183;370;10608;185
;06:20:36;37;1110;23722;1181;8175;7676;369;271;198;245;11386;143;1148;28343;1292;9476;8416;517;263;142;132;11115;90;974;28461;1346;10402;11279;474;231;176;413;10664;163
;06:25:36;37;1126;23899;1186;8231;7793;376;282;231;226;11343;118;1135;28318;1267;9441;8541;505;287;108;121;11037;129;967;28436;1365;10327;11317;475;279;164;411;10613;169
;06:30:36;36.9;1117;23762;1178;8309;7797;377;257;237;227;11518;101;1178;28611;1275;9626;8658;539;294;103;136;11153;100;1008;28383;1366;10510;11368;507;249;206;420;10764;170
;06:35:36;37;1127;24061;1239;8325;7899;386;271;242;261;11558;92;1121;28529;1273;9628;8585;512;273;156;121;11217;103;1033;28507;1392;10451;11431;487;246;196;386;10697;164
;06:40:36;37;1142;24049;1198;8412;7934;373;270;219;227;11542;127;1184;28758;1336;9701;8697;561;294;127;157;11241;121;1012;28724;1419;10583;11533;484;241;187;425;10853;168
;06:45:36;37;1147;24449;1279;8477;7992;371;236;220;238;11637;107;1115;28794;1335;9871;8679;524;302;120;165;11276;119;1003;28835;1415;10807;11512;489;249;192;391;10819;183
;06:50:36;37;1156;24388;1215;8699;8055;387;275;244;224;11541;138;1165;28908;1329;9899;8889;519;299;120;136;11350;113;1017;28698;1429;10708;11646;495;254;197;434;11012;176
;06:55:36;37;1162;24069;1247;8714;8290;358;253;240;216;11525;126;1178;28964;1303;9970;8879;535;300;138;132;11375;119;1053;28839;1426;10623;11563;512;289;191;430;10926;148
;07:00:36;37;1108;24156;1229;8803;8361;365;289;231;211;11604;117;1128;29098;1368;10074;8912;527;287;110;125;11492;93;1034;28905;1472;10817;11737;509;294;170;388;10961;171
;07:05:36;37;1154;24687;1246;8884;8378;369;258;229;258;11669;105;1140;29237;1343;10027;8991;507;290;143;132;11496;116;1025;28979;1435;10851;11750;472;287;170;393;10905;158
;07:10:36;37;1183;24398;1276;8939;8431;400;272;221;256;11708;110;1162;29352;1361;10198;9012;561;317;136;109;11590;105;1051;28900;1472;10819;11892;466;272;192;426;11049;188
;07:15:36;37;1200;24787;1290;9012;8538;377;306;232;241;11670;127;1147;29382;1362;10228;8995;532;319;170;185;11587;110;1028;28622;1426;11109;11836;504;271;174;436;11000;157
;07:20:36;37;1162;24643;1286;9078;8577;369;259;248;257;11818;114;1134;29442;1370;10247;9109;527;309;153;160;11573;122;1050;29398;1462;11032;11809;477;261;199;435;10963;192
;07:25:36;37;1140;24612;1332;9153;8682;359;288;270;233;11880;104;1145;29494;1376;10329;9171;533;320;155;148;11719;139;1034;29226;1482;11168;11960;504;275;209;424;11025;195
;07:30:36;37;1142;24599;1279;9337;8778;382;283;260;276;11812;144;1170;29647;1374;10315;9119;529;295;139;153;11841;114;1025;29542;1473;11252;11909;501;264;196;429;11264;166
;07:35:36;37;1201;24616;1302;9410;8825;373;285;225;246;11883;109;1182;29712;1416;10546;9341;517;309;131;169;11692;98;1060;29637;1493;11270;12054;469;241;193;431;11150;191
;07:40:36;37;1168;24784;1316;9461;8917;366;260;231;239;11973;99;1151;29415;1424;10607;9149;524;300;108;154;11825;117;1038;29725;1504;11215;12058;496;256;187;439;11289;156
;07:45:36;37;1190;24711;1325;9508;8937;386;285;262;297;11985;139;1179;29459;1382;10539;9212;503;311;120;140;11838;106;1063;29528;1533;11288;12100;477;252;197;488;11300;166
;07:50:36;37;1188;24688;1302;9578;9006;416;268;248;294;11888;137;1162;29736;1428;10517;9249;518;319;147;150;12021;112;1036;29580;1508;11298;12174;506;252;203;437;11139;169
;07:55:36;37;1172;24583;1369;9704;9070;397;278;229;265;12003;120;1184;29760;1413;10564;9509;536;305;151;121;12024;106;1081;29583;1530;11332;12321;488;251;203;450;11182;165
;08:00:36;37;1197;24684;1362;9621;9029;411;287;252;237;12024;136;1161;29876;1411;10683;9418;486;294;163;135;12019;126;1031;29398;1531;11354;12402;509;240;180;454;11203;184
;;;;;;;;;;;;;;;;;;;;;;;;;;;;;;;;;;;
Read 2:485;528[2];;;;;;;;;;;;;;;;;;;;;;;;;;;;;;;;;;
;;;;;;;;;;;;;;;;;;;;;;;;;;;;;;;;;;;
;Time;T째 Read 2:485,528[2];I2;I3;I4;I5;I6;I7;I8;I9;I10;I11;I12;J2;J3;J4;J5;J6;J7;J8;J9;J10;J11;J12;K2;K3;K4;K5;K6;K7;K8;K9;K10;K11;K12
;00:00:54;37;2;7;11;13;33;31;38;45;25;23;1;32;20;23;26;27;11;45;28;35;28;7;40;12;23;38;8;19;41;26;47;9;26
;00:05:54;36.9;37;11;24;33;24;33;8;8;0;17;6;43;16;32;18;0;28;35;52;0;27;19;17;25;18;39;16;36;0;0;0;26;1
;00:10:54;36.9;14;2;6;49;24;6;45;17;31;3;31;2;16;26;27;1;0;9;19;28;10;1;15;3;13;4;0;0;38;16;3;5;37
;00:15:54;37;1;31;7;36;21;50;0;29;0;2;22;28;17;27;18;0;6;13;0;8;14;43;0;21;0;24;0;6;9;20;24;18;7
;00:20:54;37;30;4;0;0;0;0;39;16;3;0;22;5;28;0;16;18;35;1;29;5;19;4;0;36;41;11;10;7;24;15;0;9;0
;00:25:54;37;3;49;0;18;31;17;24;15;10;6;0;0;59;0;36;9;0;49;19;16;13;27;6;78;0;52;37;0;1;13;19;14;26
;00:30:54;37;0;70;0;28;15;22;25;17;1;39;30;42;95;29;21;40;5;1;12;0;26;24;17;129;19;70;43;19;30;0;11;80;18
;00:35:54;37;0;100;7;12;34;30;0;0;0;45;0;25;170;21;53;42;0;5;7;0;45;3;0;240;11;111;109;0;0;10;0;81;0
;00:40:54;37;19;163;5;33;56;12;0;26;9;40;3;26;183;0;61;62;7;0;5;9;38;1;24;303;0;111;102;24;1;28;34;98;15
;00:45:54;37;22;212;23;33;48;0;0;0;1;85;3;21;271;0;78;69;0;26;3;10;95;0;22;386;0;139;150;50;13;32;0;156;24
;00:50:54;36.9;13;235;6;70;55;2;0;18;17;79;31;13;385;19;84;108;27;11;24;0;82;13;10;471;0;174;181;22;16;27;21;194;0
;00:55:54;37;22;323;0;94;96;0;5;16;0;96;11;33;470;11;116;110;0;26;24;4;104;0;42;557;35;192;178;5;0;0;30;164;29
;01:00:54;37;56;405;0;89;78;28;0;12;0;101;0;49;552;10;106;136;0;7;0;0;126;0;56;668;1;211;267;15;0;0;23;211;33
;01:05:54;37;3;464;4;113;102;14;2;0;13;165;15;42;625;8;145;144;16;13;24;1;169;0;26;712;33;215;258;17;3;9;27;248;0
;01:10:54;37;34;537;44;129;149;4;4;10;20;184;17;12;752;33;187;152;25;7;4;12;190;9;45;794;10;254;287;17;23;8;0;302;0
;01:15:54;37;21;636;28;131;135;26;22;0;6;202;5;28;801;1;207;185;42;12;15;13;209;0;41;834;43;238;294;22;2;16;12;317;0
;01:20:54;37;42;732;46;158;159;11;14;0;13;230;0;43;866;17;218;169;35;0;0;28;240;0;39;898;16;261;334;14;0;32;18;355;19
;01:25:54;37;24;812;20;142;156;12;15;11;0;253;8;31;927;20;235;210;45;21;0;11;260;11;29;956;30;295;382;36;28;0;20;345;1
;01:30:54;37;55;872;40;191;210;27;30;6;0;278;0;68;976;3;247;216;45;1;0;24;270;40;42;1019;40;305;378;47;0;22;13;431;0
;01:35:54;37;38;948;34;192;177;7;0;27;17;324;25;57;1036;27;294;248;48;32;1;0;318;0;30;1078;53;318;418;15;0;0;0;428;18
;01:40:54;37;26;1004;17;204;212;44;0;11;0;374;0;34;1102;56;279;230;40;7;0;0;331;14;9;1112;4;366;449;41;22;0;15;432;8
;01:45:54;37;47;1020;9;207;216;10;16;0;24;414;4;42;1173;18;296;236;25;0;31;3;401;8;47;1187;16;356;458;7;12;17;29;430;9
;01:50:54;37;43;1082;25;208;206;30;33;36;0;380;0;73;1262;1;304;251;1;6;1;5;377;0;41;1244;39;366;516;1;30;23;0;470;15
;01:55:54;37;73;1104;17;226;197;2;17;9;11;456;4;43;1333;33;309;277;5;18;0;0;396;1;46;1298;22;401;517;28;17;19;0;506;0
;02:00:54;37;53;1116;37;233;261;23;27;16;21;432;0;63;1334;20;350;326;27;18;23;0;407;18;47;1352;37;410;502;12;11;0;42;509;28
;02:05:54;36.9;56;1155;56;273;236;0;11;20;47;478;0;71;1407;55;329;314;20;7;22;1;447;21;68;1379;15;422;556;10;8;24;0;517;17
;02:10:54;37;60;1193;40;238;235;26;1;7;9;488;0;36;1447;51;371;350;39;3;18;0;439;9;49;1418;37;425;568;45;4;0;7;570;27
;02:15:54;37;92;1249;36;298;245;18;17;37;4;516;15;49;1478;70;391;350;33;37;0;0;463;18;68;1467;56;417;575;36;33;21;27;567;21
;02:20:54;37;49;1268;25;273;289;0;2;0;14;547;17;68;1507;9;367;356;45;23;4;19;491;24;79;1523;63;462;605;49;21;41;13;564;27
;02:25:54;37;57;1291;28;285;272;22;23;7;22;556;10;64;1544;43;372;342;19;14;0;13;465;0;63;1562;75;461;620;31;4;29;0;604;0
;02:30:54;37;76;1316;13;331;277;22;12;3;0;536;0;87;1598;43;411;357;2;29;0;15;504;19;73;1614;52;471;608;35;0;22;23;592;1
;02:35:54;37;96;1339;46;332;281;7;48;32;19;558;16;77;1638;23;410;365;12;7;2;0;502;9;43;1644;26;517;634;45;28;5;21;603;0
;02:40:54;37;44;1381;56;328;292;36;14;13;12;546;14;84;1652;44;400;361;25;51;19;24;541;17;73;1640;50;510;641;9;24;6;44;602;6
;02:45:54;37;62;1437;49;337;321;15;17;22;0;580;41;69;1682;74;442;400;48;11;0;8;562;17;79;1703;60;505;660;22;17;0;32;621;31
;02:50:54;37;20;1394;15;340;308;8;24;29;7;605;0;56;1699;54;418;411;4;46;35;34;552;21;71;1737;59;531;682;41;31;9;26;655;24
;02:55:54;37;89;1417;40;337;305;11;21;23;30;614;36;83;1737;46;467;404;33;56;3;25;560;15;56;1754;80;549;696;48;27;6;14;641;5
;03:00:54;37;73;1459;41;352;320;19;4;0;0;633;0;71;1778;51;465;433;23;63;1;0;585;13;88;1769;65;564;704;38;43;26;30;634;22
;03:05:54;37;84;1503;61;383;327;34;8;14;11;606;24;82;1793;61;475;431;61;11;0;20;604;0;57;1787;80;558;693;33;42;30;2;651;15
;03:10:54;37;63;1527;46;417;333;17;26;54;20;641;0;66;1872;66;488;445;0;24;25;23;609;0;70;1809;38;595;708;15;4;19;3;667;24
;03:15:54;36.9;50;1520;38;387;335;37;40;0;7;686;22;92;1870;43;482;462;23;30;9;0;624;8;90;1855;49;564;735;34;8;13;36;664;31
;03:20:54;37;82;1562;52;376;369;0;17;22;1;697;0;60;1900;64;480;481;6;38;0;17;653;19;85;1885;70;601;779;26;0;11;0;673;12
;03:25:54;37;101;1604;59;419;356;28;20;22;32;675;0;94;1907;60;499;446;18;28;8;18;681;0;89;1924;89;614;772;13;18;6;47;706;21
;03:30:54;37;99;1611;66;428;373;4;10;6;4;695;16;124;1958;72;485;494;27;30;26;11;666;46;90;1947;93;624;755;50;0;0;12;666;0
;03:35:54;37;76;1635;58;440;357;33;31;35;14;726;0;73;1943;61;544;492;58;54;26;29;669;16;69;1943;52;616;771;23;0;5;9;714;6
;03:40:54;37;70;1635;56;437;402;55;19;21;29;729;0;73;1945;79;560;500;46;25;0;11;699;8;48;1984;82;621;762;44;19;24;27;720;15
;03:45:54;36.9;71;1643;70;443;410;27;20;35;35;779;0;99;2035;58;544;508;35;49;8;0;709;8;90;1992;84;679;789;29;32;0;0;730;47
;03:50:54;37;102;1671;33;456;415;20;34;12;0;737;0;69;2044;94;559;528;34;0;19;5;716;4;87;2050;73;642;798;40;42;1;24;754;44
;03:55:54;36.9;76;1696;38;464;392;29;41;14;7;782;10;96;2036;63;584;541;15;21;19;5;692;25;39;2031;83;645;793;24;22;0;15;751;0
;04:00:54;37;71;1713;70;507;438;20;37;13;3;795;13;85;2075;86;594;554;20;21;0;11;747;0;77;2057;112;668;802;0;37;24;3;762;21
;04:05:54;37;97;1735;58;456;428;15;30;26;15;783;12;44;2073;94;595;535;46;26;29;28;740;10;83;2065;87;680;822;40;30;0;17;759;34
;04:10:54;37;71;1780;55;531;471;32;6;24;28;817;0;91;2094;67;560;541;29;33;0;4;738;0;44;2092;97;666;809;36;16;11;21;767;7
;04:15:54;37;94;1753;87;503;449;23;30;8;14;806;22;81;2083;94;577;567;20;0;0;5;753;15;97;2147;95;695;832;29;32;16;42;791;17
;04:20:54;37;61;1794;61;523;462;37;15;22;0;809;0;68;2125;59;582;583;0;14;8;10;741;0;78;2125;85;691;829;31;16;10;35;760;16
;04:25:54;37;97;1797;100;524;453;19;17;56;16;807;15;78;2158;57;598;555;37;42;0;13;776;20;80;2150;106;702;812;25;35;11;32;801;25
;04:30:54;37;99;1784;57;560;498;13;33;3;29;824;14;102;2166;91;621;563;63;18;3;0;787;0;81;2135;92;738;851;31;34;30;37;779;7
;04:35:54;37;79;1787;102;543;478;16;24;0;1;844;18;97;2162;99;636;566;39;0;29;31;742;0;61;2188;78;721;856;43;29;0;38;810;2
;04:40:54;37;91;1773;84;550;504;28;0;35;14;826;0;81;2190;79;637;574;55;24;0;10;812;0;87;2168;81;735;846;60;0;16;24;788;10
;04:45:54;37;98;1784;72;554;487;51;29;48;0;855;2;94;2195;114;621;592;15;36;30;5;780;24;91;2236;104;737;867;26;27;31;30;827;27
;04:50:54;37;90;1817;79;517;527;40;30;27;28;845;19;96;2211;74;640;583;35;15;0;2;816;11;92;2224;85;753;879;75;43;47;19;832;14
;04:55:54;37;123;1839;86;537;504;9;30;14;0;876;9;101;2202;59;650;612;38;31;11;5;802;3;96;2209;99;773;864;46;27;15;29;811;0
;05:00:54;36.9;96;1808;88;562;500;36;29;17;20;862;13;91;2243;78;693;584;62;0;18;2;836;0;79;2217;117;755;898;31;12;27;39;838;17
;05:05:54;37;113;1841;78;592;540;52;26;33;33;873;8;66;2271;96;704;601;51;14;14;18;799;0;90;2251;91;773;880;37;15;21;33;852;13
;05:10:54;37;95;1844;99;554;553;18;37;28;1;871;15;107;2269;84;668;601;13;17;31;16;847;0;61;2257;110;776;872;35;46;0;42;824;30
;05:15:54;37;69;1899;83;597;541;50;10;35;8;894;16;105;2260;100;711;644;21;5;0;11;841;2;126;2293;101;811;906;35;43;0;22;856;15
;05:20:54;37;89;1867;96;605;541;0;0;32;25;905;29;100;2304;95;713;622;50;30;0;18;871;20;57;2282;110;799;884;59;53;7;53;869;0
;05:25:54;37;104;1893;78;620;550;30;25;21;21;882;4;85;2284;79;713;650;52;24;22;1;862;0;89;2285;129;813;902;46;4;9;33;858;31
;05:30:54;37;95;1897;103;653;575;25;23;12;12;897;30;99;2314;103;707;687;56;0;13;0;864;0;51;2301;99;794;923;44;29;4;41;865;10
;05:35:54;37;81;1945;75;640;576;7;29;37;37;915;13;72;2274;82;715;674;53;9;7;14;872;4;96;2316;74;818;921;50;26;0;42;863;14
;05:40:54;37;108;1944;76;638;577;36;51;33;0;947;29;117;2321;116;734;661;17;46;7;35;885;19;95;2322;113;793;895;41;40;9;41;873;39
;05:45:54;37;86;1934;74;646;584;57;41;8;8;908;18;115;2324;91;739;665;63;52;0;0;880;0;75;2292;97;838;906;39;22;18;31;855;28
;05:50:54;37;102;1930;104;649;589;59;39;23;34;914;0;92;2334;110;740;682;22;10;22;32;885;13;69;2340;112;870;943;50;0;0;25;871;24
;05:55:54;37;93;1952;100;681;605;28;18;27;0;934;6;84;2350;99;741;666;60;29;2;9;880;27;82;2342;88;842;929;46;17;33;27;873;33
;06:00:54;37;72;1949;100;673;628;24;28;0;0;957;23;123;2355;107;754;704;58;39;33;0;883;0;69;2375;107;869;905;70;27;40;24;855;6
;06:05:54;37;83;1998;92;640;612;33;31;6;24;942;4;99;2371;94;770;678;60;28;8;27;894;0;66;2370;102;863;928;40;0;0;52;868;33
;06:10:54;37;82;2003;110;669;638;20;11;31;21;964;34;114;2371;104;791;683;30;17;21;0;877;11;63;2368;132;846;949;31;30;33;46;874;17
;06:15:54;37;107;1981;93;674;663;10;42;0;8;982;28;92;2439;131;774;717;37;9;25;14;920;12;74;2368;126;870;960;69;20;40;10;899;14
;06:20:54;37;109;1978;93;706;625;40;8;10;17;945;0;101;2402;131;758;697;65;31;25;13;922;15;84;2395;140;867;925;56;42;7;10;889;21
;06:25:54;37;91;2013;69;696;629;41;33;28;19;956;0;111;2411;117;788;715;55;19;0;16;882;7;89;2363;113;845;936;40;28;48;52;884;8
;06:30:54;36.9;67;2011;94;696;661;21;26;22;15;956;6;108;2405;105;784;723;15;34;40;9;914;1;76;2396;126;908;982;71;22;10;51;871;13
;06:35:54;37;97;1993;128;691;667;25;23;2;0;970;15;70;2416;131;802;704;47;44;0;27;936;0;88;2360;130;858;974;40;27;25;47;894;16
;06:40:54;37;105;2013;111;701;662;41;46;0;36;955;23;101;2433;82;820;752;62;39;9;20;948;41;74;2383;118;888;994;62;27;22;39;911;11
;06:45:54;37;89;2022;114;692;670;32;11;23;0;978;7;98;2440;121;827;706;57;39;0;0;952;10;84;2403;154;910;949;58;13;15;32;900;21
;06:50:54;37;72;2046;85;719;662;14;33;42;34;986;0;63;2471;90;832;724;29;29;22;26;953;11;82;2403;138;908;970;69;4;0;42;902;10
;06:55:54;37;102;2012;127;710;694;53;0;45;11;960;24;79;2466;96;841;754;44;30;0;13;964;12;54;2437;130;919;958;47;31;17;30;878;6
;07:00:54;37;109;2033;142;721;691;30;21;39;2;985;16;84;2452;105;850;736;62;16;41;19;956;0;82;2431;113;898;976;46;36;49;20;947;26
;07:05:54;37;96;2034;112;741;717;37;2;17;36;997;19;64;2467;100;856;786;64;41;13;9;950;32;82;2406;148;908;991;48;21;25;36;935;7
;07:10:54;37;100;2060;110;719;711;17;6;8;0;975;0;79;2448;100;830;757;61;20;10;4;992;5;88;2441;115;919;963;59;7;18;52;912;37
;07:15:54;37;123;2032;110;738;748;51;19;37;3;991;0;98;2441;110;855;747;53;31;0;1;972;21;83;2441;112;924;998;63;36;31;36;908;20
;07:20:54;37;122;2088;118;798;689;21;35;14;49;1010;28;101;2421;111;833;774;59;2;0;18;982;40;83;2425;130;924;996;32;12;41;62;951;11
;07:25:54;37;125;2077;119;740;745;29;26;25;29;1016;8;102;2479;103;844;753;42;36;25;3;980;0;88;2434;129;934;986;24;15;25;55;924;0
;07:30:54;37;86;2080;99;760;745;21;30;8;16;957;27;97;2503;99;848;749;52;18;10;0;995;18;74;2451;141;903;995;51;9;12;35;957;27
;07:35:54;37;106;2086;99;777;740;43;58;30;15;983;7;87;2488;102;891;774;64;26;4;26;981;15;100;2502;110;942;1012;22;22;32;22;892;0
;07:40:54;37;75;2096;86;778;733;39;41;0;32;997;9;82;2474;127;857;754;50;20;18;9;1004;8;97;2472;116;949;1024;52;19;40;21;938;1
;07:45:54;37;134;2081;118;817;746;50;9;30;23;1005;0;108;2481;86;898;787;76;40;13;0;978;16;114;2452;143;952;1005;65;47;19;59;912;23
;07:50:54;37;93;2082;111;815;723;27;19;48;24;997;9;82;2491;133;897;781;44;10;13;38;1013;0;104;2447;118;948;970;24;19;0;37;935;6
;07:55:54;37;108;2090;139;823;761;15;22;42;42;1019;22;114;2486;112;874;806;37;15;13;0;993;13;103;2479;147;935;1009;0;35;15;60;910;0
;08:00:54;37;128;2078;118;829;772;23;0;13;13;1027;0;128;2545;125;914;803;37;14;11;16;1002;5;70;2504;139;956;1022;50;15;20;45;962;32
;;;;;;;;;;;;;;;;;;;;;;;;;;;;;;;;;;;
Results;;;;;;;;;;;;;;;;;;;;;;;;;;;;;;;;;;;
;;;;;;;;;;;;;;;;;;;;;;;;;;;;;;;;;;;
;;1;2;3;4;5;6;7;8;9;10;11;12;13;14;15;16;17;18;19;20;21;22;23;24;;;;;;;;;;
;A;;;;;;;;;;;;;;;;;;;;;;;;;Max V [Read 1:485,528];;;;;;;;;
;;;;;;;;;;;;;;;;;;;;;;;;;;R-Squared [Read 1:485,528];;;;;;;;;
;;;;;;;;;;;;;;;;;;;;;;;;;;t at Max V [Read 1:485,528];;;;;;;;;
;;;;;;;;;;;;;;;;;;;;;;;;;;Lagtime [Read 1:485,528];;;;;;;;;
;;;;;;;;;;;;;;;;;;;;;;;;;;Max V [Read 1:485,528[2]];;;;;;;;;
;;;;;;;;;;;;;;;;;;;;;;;;;;R-Squared [Read 1:485,528[2]];;;;;;;;;
;;;;;;;;;;;;;;;;;;;;;;;;;;t at Max V [Read 1:485,528[2]];;;;;;;;;
;;;;;;;;;;;;;;;;;;;;;;;;;;Lagtime [Read 1:485,528[2]];;;;;;;;;
;;;;;;;;;;;;;;;;;;;;;;;;;;Max V [Read 2:485,528];;;;;;;;;
;;;;;;;;;;;;;;;;;;;;;;;;;;R-Squared [Read 2:485,528];;;;;;;;;
;;;;;;;;;;;;;;;;;;;;;;;;;;t at Max V [Read 2:485,528];;;;;;;;;
;;;;;;;;;;;;;;;;;;;;;;;;;;Lagtime [Read 2:485,528];;;;;;;;;
;;;;;;;;;;;;;;;;;;;;;;;;;;Max V [Read 2:485,528[2]];;;;;;;;;
;;;;;;;;;;;;;;;;;;;;;;;;;;R-Squared [Read 2:485,528[2]];;;;;;;;;
;;;;;;;;;;;;;;;;;;;;;;;;;;t at Max V [Read 2:485,528[2]];;;;;;;;;
;;;;;;;;;;;;;;;;;;;;;;;;;;Lagtime [Read 2:485,528[2]];;;;;;;;;
;B;;;;;;;;;;;;;;;;;;;;;;;;;Max V [Read 1:485,528];;;;;;;;;
;;;;;;;;;;;;;;;;;;;;;;;;;;R-Squared [Read 1:485,528];;;;;;;;;
;;;;;;;;;;;;;;;;;;;;;;;;;;t at Max V [Read 1:485,528];;;;;;;;;
;;;;;;;;;;;;;;;;;;;;;;;;;;Lagtime [Read 1:485,528];;;;;;;;;
;;;;;;;;;;;;;;;;;;;;;;;;;;Max V [Read 1:485,528[2]];;;;;;;;;
;;;;;;;;;;;;;;;;;;;;;;;;;;R-Squared [Read 1:485,528[2]];;;;;;;;;
;;;;;;;;;;;;;;;;;;;;;;;;;;t at Max V [Read 1:485,528[2]];;;;;;;;;
;;;;;;;;;;;;;;;;;;;;;;;;;;Lagtime [Read 1:485,528[2]];;;;;;;;;
;;;;;;;;;;;;;;;;;;;;;;;;;;Max V [Read 2:485,528];;;;;;;;;
;;;;;;;;;;;;;;;;;;;;;;;;;;R-Squared [Read 2:485,528];;;;;;;;;
;;;;;;;;;;;;;;;;;;;;;;;;;;t at Max V [Read 2:485,528];;;;;;;;;
;;;;;;;;;;;;;;;;;;;;;;;;;;Lagtime [Read 2:485,528];;;;;;;;;
;;;;;;;;;;;;;;;;;;;;;;;;;;Max V [Read 2:485,528[2]];;;;;;;;;
;;;;;;;;;;;;;;;;;;;;;;;;;;R-Squared [Read 2:485,528[2]];;;;;;;;;
;;;;;;;;;;;;;;;;;;;;;;;;;;t at Max V [Read 2:485,528[2]];;;;;;;;;
;;;;;;;;;;;;;;;;;;;;;;;;;;Lagtime [Read 2:485,528[2]];;;;;;;;;
;C;;;;;;;;;;;;;;;;;;;;;;;;;Max V [Read 1:485,528];;;;;;;;;
;;;;;;;;;;;;;;;;;;;;;;;;;;R-Squared [Read 1:485,528];;;;;;;;;
;;;;;;;;;;;;;;;;;;;;;;;;;;t at Max V [Read 1:485,528];;;;;;;;;
;;;;;;;;;;;;;;;;;;;;;;;;;;Lagtime [Read 1:485,528];;;;;;;;;
;;;;;;;;;;;;;;;;;;;;;;;;;;Max V [Read 1:485,528[2]];;;;;;;;;
;;;;;;;;;;;;;;;;;;;;;;;;;;R-Squared [Read 1:485,528[2]];;;;;;;;;
;;;;;;;;;;;;;;;;;;;;;;;;;;t at Max V [Read 1:485,528[2]];;;;;;;;;
;;;;;;;;;;;;;;;;;;;;;;;;;;Lagtime [Read 1:485,528[2]];;;;;;;;;
;;;;;;;;;;;;;;;;;;;;;;;;;;Max V [Read 2:485,528];;;;;;;;;
;;;;;;;;;;;;;;;;;;;;;;;;;;R-Squared [Read 2:485,528];;;;;;;;;
;;;;;;;;;;;;;;;;;;;;;;;;;;t at Max V [Read 2:485,528];;;;;;;;;
;;;;;;;;;;;;;;;;;;;;;;;;;;Lagtime [Read 2:485,528];;;;;;;;;
;;;;;;;;;;;;;;;;;;;;;;;;;;Max V [Read 2:485,528[2]];;;;;;;;;
;;;;;;;;;;;;;;;;;;;;;;;;;;R-Squared [Read 2:485,528[2]];;;;;;;;;
;;;;;;;;;;;;;;;;;;;;;;;;;;t at Max V [Read 2:485,528[2]];;;;;;;;;
;;;;;;;;;;;;;;;;;;;;;;;;;;Lagtime [Read 2:485,528[2]];;;;;;;;;
;D;;;;;;;;;;;;;;;;;;;;;;;;;Max V [Read 1:485,528];;;;;;;;;
;;;;;;;;;;;;;;;;;;;;;;;;;;R-Squared [Read 1:485,528];;;;;;;;;
;;;;;;;;;;;;;;;;;;;;;;;;;;t at Max V [Read 1:485,528];;;;;;;;;
;;;;;;;;;;;;;;;;;;;;;;;;;;Lagtime [Read 1:485,528];;;;;;;;;
;;;;;;;;;;;;;;;;;;;;;;;;;;Max V [Read 1:485,528[2]];;;;;;;;;
;;;;;;;;;;;;;;;;;;;;;;;;;;R-Squared [Read 1:485,528[2]];;;;;;;;;
;;;;;;;;;;;;;;;;;;;;;;;;;;t at Max V [Read 1:485,528[2]];;;;;;;;;
;;;;;;;;;;;;;;;;;;;;;;;;;;Lagtime [Read 1:485,528[2]];;;;;;;;;
;;;;;;;;;;;;;;;;;;;;;;;;;;Max V [Read 2:485,528];;;;;;;;;
;;;;;;;;;;;;;;;;;;;;;;;;;;R-Squared [Read 2:485,528];;;;;;;;;
;;;;;;;;;;;;;;;;;;;;;;;;;;t at Max V [Read 2:485,528];;;;;;;;;
;;;;;;;;;;;;;;;;;;;;;;;;;;Lagtime [Read 2:485,528];;;;;;;;;
;;;;;;;;;;;;;;;;;;;;;;;;;;Max V [Read 2:485,528[2]];;;;;;;;;
;;;;;;;;;;;;;;;;;;;;;;;;;;R-Squared [Read 2:485,528[2]];;;;;;;;;
;;;;;;;;;;;;;;;;;;;;;;;;;;t at Max V [Read 2:485,528[2]];;;;;;;;;
;;;;;;;;;;;;;;;;;;;;;;;;;;Lagtime [Read 2:485,528[2]];;;;;;;;;
;E;;;;;;;;;;;;;;;;;;;;;;;;;Max V [Read 1:485,528];;;;;;;;;
;;;;;;;;;;;;;;;;;;;;;;;;;;R-Squared [Read 1:485,528];;;;;;;;;
;;;;;;;;;;;;;;;;;;;;;;;;;;t at Max V [Read 1:485,528];;;;;;;;;
;;;;;;;;;;;;;;;;;;;;;;;;;;Lagtime [Read 1:485,528];;;;;;;;;
;;;;;;;;;;;;;;;;;;;;;;;;;;Max V [Read 1:485,528[2]];;;;;;;;;
;;;;;;;;;;;;;;;;;;;;;;;;;;R-Squared [Read 1:485,528[2]];;;;;;;;;
;;;;;;;;;;;;;;;;;;;;;;;;;;t at Max V [Read 1:485,528[2]];;;;;;;;;
;;;;;;;;;;;;;;;;;;;;;;;;;;Lagtime [Read 1:485,528[2]];;;;;;;;;
;;;;;;;;;;;;;;;;;;;;;;;;;;Max V [Read 2:485,528];;;;;;;;;
;;;;;;;;;;;;;;;;;;;;;;;;;;R-Squared [Read 2:485,528];;;;;;;;;
;;;;;;;;;;;;;;;;;;;;;;;;;;t at Max V [Read 2:485,528];;;;;;;;;
;;;;;;;;;;;;;;;;;;;;;;;;;;Lagtime [Read 2:485,528];;;;;;;;;
;;;;;;;;;;;;;;;;;;;;;;;;;;Max V [Read 2:485,528[2]];;;;;;;;;
;;;;;;;;;;;;;;;;;;;;;;;;;;R-Squared [Read 2:485,528[2]];;;;;;;;;
;;;;;;;;;;;;;;;;;;;;;;;;;;t at Max V [Read 2:485,528[2]];;;;;;;;;
;;;;;;;;;;;;;;;;;;;;;;;;;;Lagtime [Read 2:485,528[2]];;;;;;;;;
;F;;;;;;;;;;;;;;;;;;;;;;;;;Max V [Read 1:485,528];;;;;;;;;
;;;;;;;;;;;;;;;;;;;;;;;;;;R-Squared [Read 1:485,528];;;;;;;;;
;;;;;;;;;;;;;;;;;;;;;;;;;;t at Max V [Read 1:485,528];;;;;;;;;
;;;;;;;;;;;;;;;;;;;;;;;;;;Lagtime [Read 1:485,528];;;;;;;;;
;;;;;;;;;;;;;;;;;;;;;;;;;;Max V [Read 1:485,528[2]];;;;;;;;;
;;;;;;;;;;;;;;;;;;;;;;;;;;R-Squared [Read 1:485,528[2]];;;;;;;;;
;;;;;;;;;;;;;;;;;;;;;;;;;;t at Max V [Read 1:485,528[2]];;;;;;;;;
;;;;;;;;;;;;;;;;;;;;;;;;;;Lagtime [Read 1:485,528[2]];;;;;;;;;
;;;;;;;;;;;;;;;;;;;;;;;;;;Max V [Read 2:485,528];;;;;;;;;
;;;;;;;;;;;;;;;;;;;;;;;;;;R-Squared [Read 2:485,528];;;;;;;;;
;;;;;;;;;;;;;;;;;;;;;;;;;;t at Max V [Read 2:485,528];;;;;;;;;
;;;;;;;;;;;;;;;;;;;;;;;;;;Lagtime [Read 2:485,528];;;;;;;;;
;;;;;;;;;;;;;;;;;;;;;;;;;;Max V [Read 2:485,528[2]];;;;;;;;;
;;;;;;;;;;;;;;;;;;;;;;;;;;R-Squared [Read 2:485,528[2]];;;;;;;;;
;;;;;;;;;;;;;;;;;;;;;;;;;;t at Max V [Read 2:485,528[2]];;;;;;;;;
;;;;;;;;;;;;;;;;;;;;;;;;;;Lagtime [Read 2:485,528[2]];;;;;;;;;
;G;;;;;;;;;;;;;;;;;;;;;;;;;Max V [Read 1:485,528];;;;;;;;;
;;;;;;;;;;;;;;;;;;;;;;;;;;R-Squared [Read 1:485,528];;;;;;;;;
;;;;;;;;;;;;;;;;;;;;;;;;;;t at Max V [Read 1:485,528];;;;;;;;;
;;;;;;;;;;;;;;;;;;;;;;;;;;Lagtime [Read 1:485,528];;;;;;;;;
;;;;;;;;;;;;;;;;;;;;;;;;;;Max V [Read 1:485,528[2]];;;;;;;;;
;;;;;;;;;;;;;;;;;;;;;;;;;;R-Squared [Read 1:485,528[2]];;;;;;;;;
;;;;;;;;;;;;;;;;;;;;;;;;;;t at Max V [Read 1:485,528[2]];;;;;;;;;
;;;;;;;;;;;;;;;;;;;;;;;;;;Lagtime [Read 1:485,528[2]];;;;;;;;;
;;;;;;;;;;;;;;;;;;;;;;;;;;Max V [Read 2:485,528];;;;;;;;;
;;;;;;;;;;;;;;;;;;;;;;;;;;R-Squared [Read 2:485,528];;;;;;;;;
;;;;;;;;;;;;;;;;;;;;;;;;;;t at Max V [Read 2:485,528];;;;;;;;;
;;;;;;;;;;;;;;;;;;;;;;;;;;Lagtime [Read 2:485,528];;;;;;;;;
;;;;;;;;;;;;;;;;;;;;;;;;;;Max V [Read 2:485,528[2]];;;;;;;;;
;;;;;;;;;;;;;;;;;;;;;;;;;;R-Squared [Read 2:485,528[2]];;;;;;;;;
;;;;;;;;;;;;;;;;;;;;;;;;;;t at Max V [Read 2:485,528[2]];;;;;;;;;
;;;;;;;;;;;;;;;;;;;;;;;;;;Lagtime [Read 2:485,528[2]];;;;;;;;;
;H;;;;;;;;;;;;;;;;;;;;;;;;;Max V [Read 1:485,528];;;;;;;;;
;;;;;;;;;;;;;;;;;;;;;;;;;;R-Squared [Read 1:485,528];;;;;;;;;
;;;;;;;;;;;;;;;;;;;;;;;;;;t at Max V [Read 1:485,528];;;;;;;;;
;;;;;;;;;;;;;;;;;;;;;;;;;;Lagtime [Read 1:485,528];;;;;;;;;
;;;;;;;;;;;;;;;;;;;;;;;;;;Max V [Read 1:485,528[2]];;;;;;;;;
;;;;;;;;;;;;;;;;;;;;;;;;;;R-Squared [Read 1:485,528[2]];;;;;;;;;
;;;;;;;;;;;;;;;;;;;;;;;;;;t at Max V [Read 1:485,528[2]];;;;;;;;;
;;;;;;;;;;;;;;;;;;;;;;;;;;Lagtime [Read 1:485,528[2]];;;;;;;;;
;;;;;;;;;;;;;;;;;;;;;;;;;;Max V [Read 2:485,528];;;;;;;;;
;;;;;;;;;;;;;;;;;;;;;;;;;;R-Squared [Read 2:485,528];;;;;;;;;
;;;;;;;;;;;;;;;;;;;;;;;;;;t at Max V [Read 2:485,528];;;;;;;;;
;;;;;;;;;;;;;;;;;;;;;;;;;;Lagtime [Read 2:485,528];;;;;;;;;
;;;;;;;;;;;;;;;;;;;;;;;;;;Max V [Read 2:485,528[2]];;;;;;;;;
;;;;;;;;;;;;;;;;;;;;;;;;;;R-Squared [Read 2:485,528[2]];;;;;;;;;
;;;;;;;;;;;;;;;;;;;;;;;;;;t at Max V [Read 2:485,528[2]];;;;;;;;;
;;;;;;;;;;;;;;;;;;;;;;;;;;Lagtime [Read 2:485,528[2]];;;;;;;;;
;I;;-185800;3015600;-199400;627000;624000;-203200;-258800;-206400;-301200;1466000;-215200;;;;;;;;;;;;;Max V [Read 1:485,528];;;;;;;;;
;;;1;1;1;1;1;1;1;1;1;1;1;;;;;;;;;;;;;R-Squared [Read 1:485,528];;;;;;;;;
;;;00:02:30;01:07:30;00:02:30;05:02:30;04:57:30;00:02:30;00:02:30;00:02:30;00:02:30;01:37:30;00:02:30;;;;;;;;;;;;;t at Max V [Read 1:485,528];;;;;;;;;
;;;00:00:00;00:41:50;00:00:00;02:36:32;02:48:27;00:00:00;00:00:00;00:00:00;00:00:00;01:02:44;00:00:00;;;;;;;;;;;;;Lagtime [Read 1:485,528];;;;;;;;;
;;;19600;358600;22200;91800;76000;-26000;-18600;-27000;-33000;180400;-37800;;;;;;;;;;;;;Max V [Read 1:485,528[2]];;;;;;;;;
;;;1;1;1;1;1;1;1;1;1;1;1;;;;;;;;;;;;;R-Squared [Read 1:485,528[2]];;;;;;;;;
;;;03:42:48;01:07:48;04:52:48;07:02:48;06:57:48;00:02:48;00:02:48;00:02:48;00:02:48;01:37:48;00:02:48;;;;;;;;;;;;;t at Max V [Read 1:485,528[2]];;;;;;;;;
;;;02:50:03;00:41:22;04:02:55;04:30:19;04:04:57;00:00:18;00:00:18;00:00:18;00:00:18;01:03:19;00:00:18;;;;;;;;;;;;;Lagtime [Read 1:485,528[2]];;;;;;;;;
;;;15600;210000;17200;54000;51600;-15800;-19200;-16600;-24800;108400;-20400;;;;;;;;;;;;;Max V [Read 2:485,528];;;;;;;;;
;;;1;1;1;1;1;1;1;1;1;1;1;;;;;;;;;;;;;R-Squared [Read 2:485,528];;;;;;;;;
;;;01:08:06;01:03:06;04:03:06;02:23:06;05:33:06;00:03:06;00:08:06;00:03:06;00:03:06;01:38:06;00:03:06;;;;;;;;;;;;;t at Max V [Read 2:485,528];;;;;;;;;
;;;01:07:43;00:40:26;03:35:08;01:23:30;03:25:59;00:00:36;00:02:07;00:00:36;00:00:36;01:03:07;00:00:36;;;;;;;;;;;;;Lagtime [Read 2:485,528];;;;;;;;;
;;;13800;19800;9000;15000;12800;-10000;-9000;-10800;9200;15200;-8200;;;;;;;;;;;;;Max V [Read 2:485,528[2]];;;;;;;;;
;;;1;1;1;1;1;1;1;1;1;1;1;;;;;;;;;;;;;R-Squared [Read 2:485,528[2]];;;;;;;;;
;;;02:53:24;01:13:24;04:33:24;04:08:24;01:58:24;00:18:24;00:13:24;03:13:24;07:18:24;01:53:24;02:48:24;;;;;;;;;;;;;t at Max V [Read 2:485,528[2]];;;;;;;;;
;;;02:49:36;00:44:08;04:25:47;03:36:22;01:43:05;00:17:48;00:11:41;03:11:44;07:18:17;01:27:25;02:50:47;;;;;;;;;;;;;Lagtime [Read 2:485,528[2]];;;;;;;;;
;J;;-180600;3022200;-209400;1032200;833600;-274000;-267200;-272600;-267600;948200;-225200;;;;;;;;;;;;;Max V [Read 1:485,528];;;;;;;;;
;;;1;1;1;1;1;1;1;1;1;1;1;;;;;;;;;;;;;R-Squared [Read 1:485,528];;;;;;;;;
;;;00:02:30;00:52:30;00:02:30;03:37:30;03:22:30;00:02:30;00:02:30;00:02:30;00:02:30;00:57:30;00:02:30;;;;;;;;;;;;;t at Max V [Read 1:485,528];;;;;;;;;
;;;00:00:00;00:32:00;00:00:00;02:16:27;01:56:10;00:00:00;00:00:00;00:00:00;00:00:00;00:41:53;00:00:00;;;;;;;;;;;;;Lagtime [Read 1:485,528];;;;;;;;;
;;;-20800;381400;-21400;91800;123200;-40800;-25200;-28200;-34800;116600;-29000;;;;;;;;;;;;;Max V [Read 1:485,528[2]];;;;;;;;;
;;;1;1;1;1;1;1;1;1;1;1;1;;;;;;;;;;;;;R-Squared [Read 1:485,528[2]];;;;;;;;;
;;;00:02:48;00:57:48;00:02:48;01:07:48;01:57:48;00:02:48;00:02:48;00:02:48;00:02:48;01:02:48;00:02:48;;;;;;;;;;;;;t at Max V [Read 1:485,528[2]];;;;;;;;;
;;;00:00:18;00:33:16;00:00:18;00:38:28;01:14:28;00:00:18;00:00:18;00:00:18;00:00:18;00:42:43;00:00:18;;;;;;;;;;;;;Lagtime [Read 1:485,528[2]];;;;;;;;;
;;;17800;235000;-15000;58800;68400;-28800;-17800;-22400;-20400;76800;-19800;;;;;;;;;;;;;Max V [Read 2:485,528];;;;;;;;;
;;;1;1;1;1;1;1;1;1;1;1;1;;;;;;;;;;;;;R-Squared [Read 2:485,528];;;;;;;;;
;;;06:13:06;01:03:06;00:03:06;03:38:06;01:58:06;00:03:06;00:03:06;00:03:06;00:08:06;01:33:06;00:03:06;;;;;;;;;;;;;t at Max V [Read 2:485,528];;;;;;;;;
;;;05:25:06;00:33:29;00:00:36;01:54:16;01:11:26;00:00:36;00:00:36;00:00:36;00:02:01;00:50:18;00:00:36;;;;;;;;;;;;;Lagtime [Read 2:485,528];;;;;;;;;
;;;-10200;25400;-12200;11800;10000;-12200;-10400;8200;7600;14000;9200;;;;;;;;;;;;;Max V [Read 2:485,528[2]];;;;;;;;;
;;;1;1;1;1;1;1;1;1;1;1;1;;;;;;;;;;;;;R-Squared [Read 2:485,528[2]];;;;;;;;;
;;;03:33:24;01:08:24;02:18:24;03:33:24;07:03:24;03:08:24;03:03:24;06:58:24;07:48:24;01:43:24;03:28:24;;;;;;;;;;;;;t at Max V [Read 2:485,528[2]];;;;;;;;;
;;;03:39:55;00:42:05;02:19:45;02:52:00;05:50:00;03:10:00;03:02:38;06:59:19;07:50:30;01:19:15;03:26:40;;;;;;;;;;;;;Lagtime [Read 2:485,528[2]];;;;;;;;;
;K;;-188600;2917600;-196200;1035600;1243000;-280400;-238200;-291600;-209000;1058400;-256600;;;;;;;;;;;;;Max V [Read 1:485,528];;;;;;;;;
;;;1;1;1;1;1;1;1;1;1;1;1;;;;;;;;;;;;;R-Squared [Read 1:485,528];;;;;;;;;
;;;00:02:30;00:42:30;00:02:30;00:37:30;00:47:30;00:02:30;00:02:30;00:02:30;00:02:30;01:07:30;00:02:30;;;;;;;;;;;;;t at Max V [Read 1:485,528];;;;;;;;;
;;;00:00:00;00:25:30;00:00:00;00:25:44;00:30:11;00:00:00;00:00:00;00:00:00;00:00:00;00:30:21;00:00:00;;;;;;;;;;;;;Lagtime [Read 1:485,528];;;;;;;;;
;;;-25800;374600;19600;119000;142000;-25400;-30200;-31800;-27800;151600;-31000;;;;;;;;;;;;;Max V [Read 1:485,528[2]];;;;;;;;;
;;;1;1;1;1;1;1;1;1;1;1;1;;;;;;;;;;;;;R-Squared [Read 1:485,528[2]];;;;;;;;;
;;;00:02:48;00:47:48;06:07:48;00:32:48;00:57:48;00:02:48;00:02:48;00:02:48;00:02:48;01:02:48;00:02:48;;;;;;;;;;;;;t at Max V [Read 1:485,528[2]];;;;;;;;;
;;;00:00:18;00:26:57;04:39:26;00:24:34;00:30:17;00:00:18;00:00:18;00:00:18;00:00:18;00:35:31;00:00:18;;;;;;;;;;;;;Lagtime [Read 1:485,528[2]];;;;;;;;;
;;;-16200;233800;16000;70600;84800;-30400;-17400;-31800;-13400;83800;-17600;;;;;;;;;;;;;Max V [Read 2:485,528];;;;;;;;;
;;;1;1;1;1;1;1;1;1;1;1;1;;;;;;;;;;;;;R-Squared [Read 2:485,528];;;;;;;;;
;;;05:43:06;00:53:06;02:23:06;00:33:06;00:48:06;00:03:06;00:03:06;00:03:06;00:03:06;00:48:06;00:03:06;;;;;;;;;;;;;t at Max V [Read 2:485,528];;;;;;;;;
;;;06:25:32;00:27:49;02:06:17;00:24:46;00:28:58;00:00:36;00:00:36;00:00:36;00:00:36;00:30:10;00:00:36;;;;;;;;;;;;;Lagtime [Read 2:485,528];;;;;;;;;
;;;-13800;22200;-9800;12600;17800;10000;-9800;8200;-9400;17200;-8800;;;;;;;;;;;;;Max V [Read 2:485,528[2]];;;;;;;;;
;;;1;1;1;1;1;1;1;1;1;1;1;;;;;;;;;;;;;R-Squared [Read 2:485,528[2]];;;;;;;;;
;;;05:18:24;00:33:24;01:38:24;06:28:24;00:58:24;07:58:24;05:23:24;06:23:24;00:03:24;01:28:24;03:53:24;;;;;;;;;;;;;t at Max V [Read 2:485,528[2]];;;;;;;;;
;;;05:22:08;00:25:38;01:38:58;05:21:51;00:46:21;07:57:48;05:22:07;06:23:13;00:00:54;01:06:22;03:52:57;;;;;;;;;;;;;Lagtime [Read 2:485,528[2]];;;;;;;;;
;L;;;;;;;;;;;;;;;;;;;;;;;;;Max V [Read 1:485,528];;;;;;;;;
;;;;;;;;;;;;;;;;;;;;;;;;;;R-Squared [Read 1:485,528];;;;;;;;;
;;;;;;;;;;;;;;;;;;;;;;;;;;t at Max V [Read 1:485,528];;;;;;;;;
;;;;;;;;;;;;;;;;;;;;;;;;;;Lagtime [Read 1:485,528];;;;;;;;;
;;;;;;;;;;;;;;;;;;;;;;;;;;Max V [Read 1:485,528[2]];;;;;;;;;
;;;;;;;;;;;;;;;;;;;;;;;;;;R-Squared [Read 1:485,528[2]];;;;;;;;;
;;;;;;;;;;;;;;;;;;;;;;;;;;t at Max V [Read 1:485,528[2]];;;;;;;;;
;;;;;;;;;;;;;;;;;;;;;;;;;;Lagtime [Read 1:485,528[2]];;;;;;;;;
;;;;;;;;;;;;;;;;;;;;;;;;;;Max V [Read 2:485,528];;;;;;;;;
;;;;;;;;;;;;;;;;;;;;;;;;;;R-Squared [Read 2:485,528];;;;;;;;;
;;;;;;;;;;;;;;;;;;;;;;;;;;t at Max V [Read 2:485,528];;;;;;;;;
;;;;;;;;;;;;;;;;;;;;;;;;;;Lagtime [Read 2:485,528];;;;;;;;;
;;;;;;;;;;;;;;;;;;;;;;;;;;Max V [Read 2:485,528[2]];;;;;;;;;
;;;;;;;;;;;;;;;;;;;;;;;;;;R-Squared [Read 2:485,528[2]];;;;;;;;;
;;;;;;;;;;;;;;;;;;;;;;;;;;t at Max V [Read 2:485,528[2]];;;;;;;;;
;;;;;;;;;;;;;;;;;;;;;;;;;;Lagtime [Read 2:485,528[2]];;;;;;;;;
;M;;;;;;;;;;;;;;;;;;;;;;;;;Max V [Read 1:485,528];;;;;;;;;
;;;;;;;;;;;;;;;;;;;;;;;;;;R-Squared [Read 1:485,528];;;;;;;;;
;;;;;;;;;;;;;;;;;;;;;;;;;;t at Max V [Read 1:485,528];;;;;;;;;
;;;;;;;;;;;;;;;;;;;;;;;;;;Lagtime [Read 1:485,528];;;;;;;;;
;;;;;;;;;;;;;;;;;;;;;;;;;;Max V [Read 1:485,528[2]];;;;;;;;;
;;;;;;;;;;;;;;;;;;;;;;;;;;R-Squared [Read 1:485,528[2]];;;;;;;;;
;;;;;;;;;;;;;;;;;;;;;;;;;;t at Max V [Read 1:485,528[2]];;;;;;;;;
;;;;;;;;;;;;;;;;;;;;;;;;;;Lagtime [Read 1:485,528[2]];;;;;;;;;
;;;;;;;;;;;;;;;;;;;;;;;;;;Max V [Read 2:485,528];;;;;;;;;
;;;;;;;;;;;;;;;;;;;;;;;;;;R-Squared [Read 2:485,528];;;;;;;;;
;;;;;;;;;;;;;;;;;;;;;;;;;;t at Max V [Read 2:485,528];;;;;;;;;
;;;;;;;;;;;;;;;;;;;;;;;;;;Lagtime [Read 2:485,528];;;;;;;;;
;;;;;;;;;;;;;;;;;;;;;;;;;;Max V [Read 2:485,528[2]];;;;;;;;;
;;;;;;;;;;;;;;;;;;;;;;;;;;R-Squared [Read 2:485,528[2]];;;;;;;;;
;;;;;;;;;;;;;;;;;;;;;;;;;;t at Max V [Read 2:485,528[2]];;;;;;;;;
;;;;;;;;;;;;;;;;;;;;;;;;;;Lagtime [Read 2:485,528[2]];;;;;;;;;
;N;;;;;;;;;;;;;;;;;;;;;;;;;Max V [Read 1:485,528];;;;;;;;;
;;;;;;;;;;;;;;;;;;;;;;;;;;R-Squared [Read 1:485,528];;;;;;;;;
;;;;;;;;;;;;;;;;;;;;;;;;;;t at Max V [Read 1:485,528];;;;;;;;;
;;;;;;;;;;;;;;;;;;;;;;;;;;Lagtime [Read 1:485,528];;;;;;;;;
;;;;;;;;;;;;;;;;;;;;;;;;;;Max V [Read 1:485,528[2]];;;;;;;;;
;;;;;;;;;;;;;;;;;;;;;;;;;;R-Squared [Read 1:485,528[2]];;;;;;;;;
;;;;;;;;;;;;;;;;;;;;;;;;;;t at Max V [Read 1:485,528[2]];;;;;;;;;
;;;;;;;;;;;;;;;;;;;;;;;;;;Lagtime [Read 1:485,528[2]];;;;;;;;;
;;;;;;;;;;;;;;;;;;;;;;;;;;Max V [Read 2:485,528];;;;;;;;;
;;;;;;;;;;;;;;;;;;;;;;;;;;R-Squared [Read 2:485,528];;;;;;;;;
;;;;;;;;;;;;;;;;;;;;;;;;;;t at Max V [Read 2:485,528];;;;;;;;;
;;;;;;;;;;;;;;;;;;;;;;;;;;Lagtime [Read 2:485,528];;;;;;;;;
;;;;;;;;;;;;;;;;;;;;;;;;;;Max V [Read 2:485,528[2]];;;;;;;;;
;;;;;;;;;;;;;;;;;;;;;;;;;;R-Squared [Read 2:485,528[2]];;;;;;;;;
;;;;;;;;;;;;;;;;;;;;;;;;;;t at Max V [Read 2:485,528[2]];;;;;;;;;
;;;;;;;;;;;;;;;;;;;;;;;;;;Lagtime [Read 2:485,528[2]];;;;;;;;;
;O;;;;;;;;;;;;;;;;;;;;;;;;;Max V [Read 1:485,528];;;;;;;;;
;;;;;;;;;;;;;;;;;;;;;;;;;;R-Squared [Read 1:485,528];;;;;;;;;
;;;;;;;;;;;;;;;;;;;;;;;;;;t at Max V [Read 1:485,528];;;;;;;;;
;;;;;;;;;;;;;;;;;;;;;;;;;;Lagtime [Read 1:485,528];;;;;;;;;
;;;;;;;;;;;;;;;;;;;;;;;;;;Max V [Read 1:485,528[2]];;;;;;;;;
;;;;;;;;;;;;;;;;;;;;;;;;;;R-Squared [Read 1:485,528[2]];;;;;;;;;
;;;;;;;;;;;;;;;;;;;;;;;;;;t at Max V [Read 1:485,528[2]];;;;;;;;;
;;;;;;;;;;;;;;;;;;;;;;;;;;Lagtime [Read 1:485,528[2]];;;;;;;;;
;;;;;;;;;;;;;;;;;;;;;;;;;;Max V [Read 2:485,528];;;;;;;;;
;;;;;;;;;;;;;;;;;;;;;;;;;;R-Squared [Read 2:485,528];;;;;;;;;
;;;;;;;;;;;;;;;;;;;;;;;;;;t at Max V [Read 2:485,528];;;;;;;;;
;;;;;;;;;;;;;;;;;;;;;;;;;;Lagtime [Read 2:485,528];;;;;;;;;
;;;;;;;;;;;;;;;;;;;;;;;;;;Max V [Read 2:485,528[2]];;;;;;;;;
;;;;;;;;;;;;;;;;;;;;;;;;;;R-Squared [Read 2:485,528[2]];;;;;;;;;
;;;;;;;;;;;;;;;;;;;;;;;;;;t at Max V [Read 2:485,528[2]];;;;;;;;;
;;;;;;;;;;;;;;;;;;;;;;;;;;Lagtime [Read 2:485,528[2]];;;;;;;;;
;P;;;;;;;;;;;;;;;;;;;;;;;;;Max V [Read 1:485,528];;;;;;;;;
;;;;;;;;;;;;;;;;;;;;;;;;;;R-Squared [Read 1:485,528];;;;;;;;;
;;;;;;;;;;;;;;;;;;;;;;;;;;t at Max V [Read 1:485,528];;;;;;;;;
;;;;;;;;;;;;;;;;;;;;;;;;;;Lagtime [Read 1:485,528];;;;;;;;;
;;;;;;;;;;;;;;;;;;;;;;;;;;Max V [Read 1:485,528[2]];;;;;;;;;
;;;;;;;;;;;;;;;;;;;;;;;;;;R-Squared [Read 1:485,528[2]];;;;;;;;;
;;;;;;;;;;;;;;;;;;;;;;;;;;t at Max V [Read 1:485,528[2]];;;;;;;;;
;;;;;;;;;;;;;;;;;;;;;;;;;;Lagtime [Read 1:485,528[2]];;;;;;;;;
;;;;;;;;;;;;;;;;;;;;;;;;;;Max V [Read 2:485,528];;;;;;;;;
;;;;;;;;;;;;;;;;;;;;;;;;;;R-Squared [Read 2:485,528];;;;;;;;;
;;;;;;;;;;;;;;;;;;;;;;;;;;t at Max V [Read 2:485,528];;;;;;;;;
;;;;;;;;;;;;;;;;;;;;;;;;;;Lagtime [Read 2:485,528];;;;;;;;;
;;;;;;;;;;;;;;;;;;;;;;;;;;Max V [Read 2:485,528[2]];;;;;;;;;
;;;;;;;;;;;;;;;;;;;;;;;;;;R-Squared [Read 2:485,528[2]];;;;;;;;;
;;;;;;;;;;;;;;;;;;;;;;;;;;t at Max V [Read 2:485,528[2]];;;;;;;;;
;;;;;;;;;;;;;;;;;;;;;;;;;;Lagtime [Read 2:485,528[2]];;;;;;;;;
